"from","to","type"
"make:preflight","make:all","orders"
"make:sources","make:all","orders"
"make:data-objects","make:all","orders"
"make:update-relevant-packages","make:all","orders"
"make:upload","make:all","orders"
"make:preflight","make:data","orders"
"make:data","make:upload","orders"
"make:data","make:update-relevant-packages","orders"
"make:upload","make:promote","orders"
"make:precheck","sh:scripts/check_existing_outputs.sh","runs"
"make:preflight","sh:scripts/check_existing_outputs.sh","runs"
"make:preflight","sh:scripts/00_preflight/00_preflight.sh","runs"
"make:data-objects","sh:scripts/check_existing_outputs.sh","runs"
"make:data-objects","sh:scripts/00_preflight/data-raw/build_data_objects.sh","runs"
"make:data","sh:scripts/10_build_data/10_build_data.sh","runs"
"make:upload","sh:scripts/20_upload_bucket/20_upload_bucket.sh","runs"
"make:update-relevant-packages","sh:scripts/30_update_relevant_packages/30_update_relevant_packages.sh","runs"
"make:slurm","sh:scripts/submit_slurm.sh","runs"
"make:slurm-status","sh:scripts/submit_slurm.sh","runs"
"make:slurm-cancel","sh:scripts/submit_slurm.sh","runs"
"make:sources","sh:config/copy_from_source.sh","runs"
"make:env","sh:config/capture_environment.sh","runs"
"make:env-diff","sh:docker/verify_environment.R","runs"
"make:depgraph","sh:docs/dependency_graph/build_depgraph.R","runs"
"sh:scripts/10_build_data/10_build_data.sh","step:01_stage_clinical","runs"
"step:01_stage_clinical","test:01_stage_clinical/clinical_staging_tests","tested_by"
"src:DATA_PKG_REPO","step:01_stage_clinical","consumed_by"
"sh:scripts/10_build_data/10_build_data.sh","step:02_stage_pheno","runs"
"step:02_stage_pheno","test:02_stage_pheno/pheno_tests","tested_by"
"src:DATA_PKG_REPO","step:02_stage_pheno","consumed_by"
"sh:scripts/10_build_data/10_build_data.sh","step:03_build_molecular_signatures","runs"
"step:03_build_molecular_signatures","stem:03_build_molecular_signatures/MOLECULAR_SIGNATURES","runs"
"step:03_build_molecular_signatures","test:03_build_molecular_signatures/molecular_signatures_tests","tested_by"
"sh:scripts/10_build_data/10_build_data.sh","step:04_build_set_to_id","runs"
"step:04_build_set_to_id","stem:04_build_set_to_id/SET_TO_ID","runs"
"step:04_build_set_to_id","test:04_build_set_to_id/set_to_id_tests","tested_by"
"sh:scripts/10_build_data/10_build_data.sh","step:05_stage_metabolomics_cvs","runs"
"step:05_stage_metabolomics_cvs","stem:05_stage_metabolomics_cvs/METABOLOMICS_CVS_resource","runs"
"step:05_stage_metabolomics_cvs","test:05_stage_metabolomics_cvs/metabolomics_cvs_tests","tested_by"
"src:vendored/05_stage_metabolomics_cvs","step:05_stage_metabolomics_cvs","consumed_by"
"sh:scripts/10_build_data/10_build_data.sh","step:06_generate_qc_norm","runs"
"step:06_generate_qc_norm","stem:06_generate_qc_norm/stage_removed_samples","runs"
"step:06_generate_qc_norm","stem:06_generate_qc_norm/stage_ensembl_txdb","runs"
"step:06_generate_qc_norm","stem:06_generate_qc_norm/stage_refmet_map","runs"
"step:06_generate_qc_norm","stem:06_generate_qc_norm/generate_prot_ol_qc_norm","runs"
"step:06_generate_qc_norm","stem:06_generate_qc_norm/generate_prot_pr_qc_norm","runs"
"step:06_generate_qc_norm","stem:06_generate_qc_norm/generate_prot_ph_qc_norm","runs"
"step:06_generate_qc_norm","stem:06_generate_qc_norm/generate_transcriptomics_qc_norm","runs"
"step:06_generate_qc_norm","stem:06_generate_qc_norm/generate_atac_qc_norm","runs"
"step:06_generate_qc_norm","stem:06_generate_qc_norm/generate_methylcap_qc_norm","runs"
"step:06_generate_qc_norm","stem:06_generate_qc_norm/generate_metab_qc_norm","runs"
"step:06_generate_qc_norm","stem:06_generate_qc_norm/generate_clinical_qc_norm","runs"
"step:06_generate_qc_norm","stem:06_generate_qc_norm/generate_prot_pr_imputed","runs"
"step:06_generate_qc_norm","stem:06_generate_qc_norm/generate_prot_ph_imputed","runs"
"sh:scripts/10_build_data/10_build_data.sh","step:07_build_human_feature_to_gene","runs"
"step:07_build_human_feature_to_gene","stem:07_build_human_feature_to_gene/HUMAN_FEATURE_TO_GENE","runs"
"step:07_build_human_feature_to_gene","test:07_build_human_feature_to_gene/feature_to_gene_tests","tested_by"
"sh:scripts/10_build_data/10_build_data.sh","step:08_build_qc_objects","runs"
"step:08_build_qc_objects","stem:08_build_qc_objects/qc_norm_results","runs"
"step:08_build_qc_objects","test:08_build_qc_objects/qc_object_tests","tested_by"
"sh:scripts/10_build_data/10_build_data.sh","step:09_build_da","runs"
"step:09_build_da","stem:09_build_da/generate_prot_ol_da","runs"
"step:09_build_da","stem:09_build_da/generate_prot_pr_da","runs"
"step:09_build_da","stem:09_build_da/generate_prot_ph_da","runs"
"step:09_build_da","stem:09_build_da/generate_clinical_da","runs"
"step:09_build_da","stem:09_build_da/generate_metab_da","runs"
"step:09_build_da","stem:09_build_da/generate_transcriptomics_da","runs"
"step:09_build_da","stem:09_build_da/generate_atac_da","runs"
"step:09_build_da","stem:09_build_da/generate_methylcap_da","runs"
"src:vendored/09_build_da","step:09_build_da","consumed_by"
"sh:scripts/10_build_data/10_build_data.sh","step:10_build_da_assemble","runs"
"step:10_build_da_assemble","stem:10_build_da_assemble/differential_analysis_results","runs"
"step:10_build_da_assemble","test:10_build_da_assemble/da_assemble_tests","tested_by"
"src:vendored/10_build_da_assemble","step:10_build_da_assemble","consumed_by"
"sh:scripts/10_build_data/10_build_data.sh","step:11_build_sum_stats","runs"
"step:11_build_sum_stats","stem:11_build_sum_stats/all_group_stats","runs"
"step:11_build_sum_stats","test:11_build_sum_stats/sum_stats_tests","tested_by"
"sh:scripts/10_build_data/10_build_data.sh","step:12_build_camera_results","runs"
"step:12_build_camera_results","stem:12_build_camera_results/CAMERA_RESULTS","runs"
"step:12_build_camera_results","test:12_build_camera_results/camera_tests","tested_by"
"sh:scripts/10_build_data/10_build_data.sh","step:13_build_fcm","runs"
"step:13_build_fcm","stem:13_build_fcm/FCM_clustering_results","runs"
"step:13_build_fcm","stem:13_build_fcm/fcm_diagnostics","runs"
"step:13_build_fcm","test:13_build_fcm/fcm_tests","tested_by"
"sh:scripts/10_build_data/10_build_data.sh","step:14_build_utoronto_tfs","runs"
"step:14_build_utoronto_tfs","stem:14_build_utoronto_tfs/UTORONTO_TFs","runs"
"step:14_build_utoronto_tfs","test:14_build_utoronto_tfs/utoronto_tests","tested_by"
"src:vendored/14_build_utoronto_tfs","step:14_build_utoronto_tfs","consumed_by"
"sh:scripts/10_build_data/10_build_data.sh","step:15_build_ptmsea_input","runs"
"step:15_build_ptmsea_input","stem:15_build_ptmsea_input/PTMSEA_INPUT","runs"
"step:15_build_ptmsea_input","test:15_build_ptmsea_input/ptmsea_tests","tested_by"
"sh:scripts/10_build_data/10_build_data.sh","step:16_build_scion","runs"
"step:16_build_scion","stem:16_build_scion/SCION_NETWORKS","runs"
"step:16_build_scion","test:16_build_scion/scion_tests","tested_by"
"step:06_generate_qc_norm","test:06_generate_qc_norm/qc_norm_freeze_tests","tested_by"
"step:09_build_da","test:09_build_da/da_tests","tested_by"
"sh:scripts/00_preflight/data-raw/build_data_objects.sh","pf:COLORS_ABBREVIATIONS.R","runs"
"sh:scripts/00_preflight/data-raw/build_data_objects.sh","pf:COVARIATES_FILE.R","runs"
"sh:scripts/00_preflight/data-raw/build_data_objects.sh","pf:QUANTID_BUCKET_FILES.R","runs"
"sh:scripts/00_preflight/data-raw/build_data_objects.sh","pf:OME_TISSUE_CODE.R","runs"
"sh:scripts/00_preflight/data-raw/build_data_objects.sh","pf:gmt_processing/GMT_CellMarker.R","runs"
"sh:scripts/00_preflight/data-raw/build_data_objects.sh","pf:gmt_processing/GMT_MitoCarta.R","runs"
"sh:scripts/00_preflight/data-raw/build_data_objects.sh","pf:gmt_processing/GMT_PSP_kinase.R","runs"
"sh:scripts/00_preflight/data-raw/build_data_objects.sh","pf:gmt_processing/GMT_PTMSigDB.R","runs"
"sh:scripts/00_preflight/data-raw/build_data_objects.sh","pf:gmt_processing/GMT_RefMet_subclass.R","runs"
"sh:scripts/00_preflight/data-raw/build_data_objects.sh","pf:OUTLIERS.R","runs"
"sh:scripts/00_preflight/data-raw/build_data_objects.sh","pf:SPLICING_DA.R","runs"
"sh:scripts/00_preflight/data-raw/build_data_objects.sh","pfout:c2.all.v2023.2.Hs.symbols.gmt.gz","produces"
"sh:scripts/00_preflight/data-raw/build_data_objects.sh","pfout:c5.go.v2023.2.Hs.symbols.gmt.gz","produces"
"step:12_build_camera_results","obj:CAMERA_RESULTS","produces"
"pf:COLORS_ABBREVIATIONS.R","obj:COLORS_ABBREVIATIONS","produces"
"pf:COVARIATES_FILE.R","obj:COVARIATES_FILE","produces"
"step:09_build_da","obj:DA","produces"
"step:10_build_da_assemble","obj:DA_ASSEMBLE","produces"
"step:13_build_fcm","obj:FCM","produces"
"step:07_build_human_feature_to_gene","obj:HUMAN_FEATURE_TO_GENE","produces"
"step:05_stage_metabolomics_cvs","obj:METABOLOMICS_CVS","produces"
"step:03_build_molecular_signatures","obj:MOLECULAR_SIGNATURES","produces"
"sh:scripts/00_preflight/data-raw/build_data_objects.sh","obj:OME_TISSUE_CODE","produces"
"pf:OUTLIERS.R","obj:OUTLIERS","produces"
"step:15_build_ptmsea_input","obj:PTMSEA_INPUT","produces"
"step:08_build_qc_objects","obj:QC_NORM","produces"
"step:04_build_set_to_id","obj:SET_TO_ID","produces"
"pf:SPLICING_DA.R","obj:SPLICING_DA","produces"
"step:11_build_sum_stats","obj:SUM_STATS","produces"
"step:14_build_utoronto_tfs","obj:UTORONTO_TFs","produces"
"step:01_stage_clinical","obj:cln_objects","produces"
"sh:scripts/00_preflight/data-raw/build_data_objects.sh","obj:gmt_files","produces"
"step:02_stage_pheno","obj:pheno","produces"
"obj:DA_ASSEMBLE","obj:CAMERA_RESULTS","feeds"
"obj:MOLECULAR_SIGNATURES","obj:CAMERA_RESULTS","feeds"
"obj:QC_NORM","obj:DA","feeds"
"obj:DA","obj:DA_ASSEMBLE","feeds"
"obj:DA_ASSEMBLE","obj:FCM","feeds"
"obj:MOLECULAR_SIGNATURES","obj:FCM","feeds"
"obj:SET_TO_ID","obj:FCM","feeds"
"obj:HUMAN_FEATURE_TO_GENE","obj:FCM","feeds"
"src:upstream/CONTRAST_CONVERTER","obj:FCM","feeds"
"obj:OME_TISSUE_CODE","obj:HUMAN_FEATURE_TO_GENE","feeds"
"obj:QC_NORM","obj:HUMAN_FEATURE_TO_GENE","feeds"
"obj:HUMAN_FEATURE_TO_GENE","obj:METABOLOMICS_CVS","feeds"
"obj:OME_TISSUE_CODE","obj:METABOLOMICS_CVS","feeds"
"obj:gmt_files","obj:MOLECULAR_SIGNATURES","feeds"
"obj:DA_ASSEMBLE","obj:PTMSEA_INPUT","feeds"
"obj:QC_NORM","obj:PTMSEA_INPUT","feeds"
"obj:METABOLOMICS_CVS","obj:QC_NORM","feeds"
"obj:MOLECULAR_SIGNATURES","obj:SET_TO_ID","feeds"
"obj:DA_ASSEMBLE","obj:SUM_STATS","feeds"
"obj:QC_NORM","obj:SUM_STATS","feeds"
"obj:HUMAN_FEATURE_TO_GENE","obj:UTORONTO_TFs","feeds"
"src:upstream/clinic_download.R","obj:cln_objects","feeds"
"obj:cln_objects","obj:pheno","feeds"
"stem:09_build_da/generate_atac_da","freeze:epigen-atac-seq|da|dream-acute","produces"
"stem:06_generate_qc_norm/generate_atac_qc_norm","freeze:epigen-atac-seq|metadata|features","produces"
"stem:06_generate_qc_norm/stage_removed_samples","freeze:epigen-atac-seq|metadata|removed-samples","produces"
"stem:06_generate_qc_norm/generate_atac_qc_norm","freeze:epigen-atac-seq|metadata|samples","produces"
"stem:06_generate_qc_norm/generate_atac_qc_norm","freeze:epigen-atac-seq|qc-norm|log-cpm","produces"
"stem:09_build_da/generate_methylcap_da","freeze:epigen-methylcap-seq|da|malax-glmm-acute","produces"
"stem:06_generate_qc_norm/generate_methylcap_qc_norm","freeze:epigen-methylcap-seq|metadata|features","produces"
"stem:06_generate_qc_norm/stage_removed_samples","freeze:epigen-methylcap-seq|metadata|removed-samples","produces"
"stem:06_generate_qc_norm/generate_methylcap_qc_norm","freeze:epigen-methylcap-seq|metadata|samples","produces"
"stem:06_generate_qc_norm/generate_methylcap_qc_norm","freeze:epigen-methylcap-seq|qc-norm|beta-values","produces"
"stem:09_build_da/generate_metab_da","freeze:metab-t-acoa|da|dream-acute","produces"
"stem:06_generate_qc_norm/generate_metab_qc_norm","freeze:metab-t-acoa|metadata|features","produces"
"stem:06_generate_qc_norm/stage_removed_samples","freeze:metab-t-acoa|metadata|removed-samples","produces"
"stem:06_generate_qc_norm/generate_metab_qc_norm","freeze:metab-t-acoa|metadata|samples","produces"
"stem:06_generate_qc_norm/generate_metab_qc_norm","freeze:metab-t-acoa|qc-norm|log2","produces"
"stem:09_build_da/generate_metab_da","freeze:metab-t-amines|da|dream-acute","produces"
"stem:06_generate_qc_norm/generate_metab_qc_norm","freeze:metab-t-amines|metadata|features","produces"
"stem:06_generate_qc_norm/stage_removed_samples","freeze:metab-t-amines|metadata|removed-samples","produces"
"stem:06_generate_qc_norm/generate_metab_qc_norm","freeze:metab-t-amines|metadata|samples","produces"
"stem:06_generate_qc_norm/generate_metab_qc_norm","freeze:metab-t-amines|qc-norm|log2","produces"
"stem:09_build_da/generate_clinical_da","freeze:metab-t-clinical|da|dream-acute","produces"
"stem:06_generate_qc_norm/generate_clinical_qc_norm","freeze:metab-t-clinical|metadata|features","produces"
"stem:06_generate_qc_norm/generate_clinical_qc_norm","freeze:metab-t-clinical|metadata|samples","produces"
"stem:06_generate_qc_norm/generate_clinical_qc_norm","freeze:metab-t-clinical|qc-norm|absolute","produces"
"stem:09_build_da/generate_metab_da","freeze:metab-t-conv|da|dream-acute","produces"
"stem:06_generate_qc_norm/generate_metab_qc_norm","freeze:metab-t-conv|metadata|features","produces"
"stem:06_generate_qc_norm/generate_metab_qc_norm","freeze:metab-t-conv|metadata|samples","produces"
"stem:06_generate_qc_norm/generate_metab_qc_norm","freeze:metab-t-conv|qc-norm|log2","produces"
"stem:09_build_da/generate_metab_da","freeze:metab-t-imm-crt|da|dream-acute","produces"
"stem:06_generate_qc_norm/generate_metab_qc_norm","freeze:metab-t-imm-crt|metadata|features","produces"
"stem:06_generate_qc_norm/generate_metab_qc_norm","freeze:metab-t-imm-crt|metadata|samples","produces"
"stem:06_generate_qc_norm/generate_metab_qc_norm","freeze:metab-t-imm-crt|qc-norm|log2","produces"
"stem:09_build_da/generate_metab_da","freeze:metab-t-ka|da|dream-acute","produces"
"stem:06_generate_qc_norm/generate_metab_qc_norm","freeze:metab-t-ka|metadata|features","produces"
"stem:06_generate_qc_norm/generate_metab_qc_norm","freeze:metab-t-ka|metadata|samples","produces"
"stem:06_generate_qc_norm/generate_metab_qc_norm","freeze:metab-t-ka|qc-norm|log2","produces"
"stem:09_build_da/generate_metab_da","freeze:metab-t-nuc|da|dream-acute","produces"
"stem:06_generate_qc_norm/generate_metab_qc_norm","freeze:metab-t-nuc|metadata|features","produces"
"stem:06_generate_qc_norm/stage_removed_samples","freeze:metab-t-nuc|metadata|removed-samples","produces"
"stem:06_generate_qc_norm/generate_metab_qc_norm","freeze:metab-t-nuc|metadata|samples","produces"
"stem:06_generate_qc_norm/generate_metab_qc_norm","freeze:metab-t-nuc|qc-norm|log2","produces"
"stem:09_build_da/generate_metab_da","freeze:metab-t-oxylipneg|da|dream-acute","produces"
"stem:06_generate_qc_norm/generate_metab_qc_norm","freeze:metab-t-oxylipneg|metadata|features","produces"
"stem:06_generate_qc_norm/stage_removed_samples","freeze:metab-t-oxylipneg|metadata|removed-samples","produces"
"stem:06_generate_qc_norm/generate_metab_qc_norm","freeze:metab-t-oxylipneg|metadata|samples","produces"
"stem:06_generate_qc_norm/generate_metab_qc_norm","freeze:metab-t-oxylipneg|qc-norm|log2","produces"
"stem:09_build_da/generate_metab_da","freeze:metab-t-tca|da|dream-acute","produces"
"stem:06_generate_qc_norm/generate_metab_qc_norm","freeze:metab-t-tca|metadata|features","produces"
"stem:06_generate_qc_norm/stage_removed_samples","freeze:metab-t-tca|metadata|removed-samples","produces"
"stem:06_generate_qc_norm/generate_metab_qc_norm","freeze:metab-t-tca|metadata|samples","produces"
"stem:06_generate_qc_norm/generate_metab_qc_norm","freeze:metab-t-tca|qc-norm|log2","produces"
"stem:09_build_da/generate_metab_da","freeze:metab-u-hilicpos|da|dream-acute","produces"
"stem:06_generate_qc_norm/generate_metab_qc_norm","freeze:metab-u-hilicpos|metadata|features","produces"
"stem:06_generate_qc_norm/stage_removed_samples","freeze:metab-u-hilicpos|metadata|removed-samples","produces"
"stem:06_generate_qc_norm/generate_metab_qc_norm","freeze:metab-u-hilicpos|metadata|samples","produces"
"stem:06_generate_qc_norm/generate_metab_qc_norm","freeze:metab-u-hilicpos|qc-norm|log2","produces"
"stem:09_build_da/generate_metab_da","freeze:metab-u-ionpneg|da|dream-acute","produces"
"stem:06_generate_qc_norm/generate_metab_qc_norm","freeze:metab-u-ionpneg|metadata|features","produces"
"stem:06_generate_qc_norm/generate_metab_qc_norm","freeze:metab-u-ionpneg|metadata|samples","produces"
"stem:06_generate_qc_norm/generate_metab_qc_norm","freeze:metab-u-ionpneg|qc-norm|log2","produces"
"stem:09_build_da/generate_metab_da","freeze:metab-u-lrpneg|da|dream-acute","produces"
"stem:06_generate_qc_norm/generate_metab_qc_norm","freeze:metab-u-lrpneg|metadata|features","produces"
"stem:06_generate_qc_norm/stage_removed_samples","freeze:metab-u-lrpneg|metadata|removed-samples","produces"
"stem:06_generate_qc_norm/generate_metab_qc_norm","freeze:metab-u-lrpneg|metadata|samples","produces"
"stem:06_generate_qc_norm/generate_metab_qc_norm","freeze:metab-u-lrpneg|qc-norm|log2","produces"
"stem:09_build_da/generate_metab_da","freeze:metab-u-lrppos|da|dream-acute","produces"
"stem:06_generate_qc_norm/generate_metab_qc_norm","freeze:metab-u-lrppos|metadata|features","produces"
"stem:06_generate_qc_norm/stage_removed_samples","freeze:metab-u-lrppos|metadata|removed-samples","produces"
"stem:06_generate_qc_norm/generate_metab_qc_norm","freeze:metab-u-lrppos|metadata|samples","produces"
"stem:06_generate_qc_norm/generate_metab_qc_norm","freeze:metab-u-lrppos|qc-norm|log2","produces"
"stem:09_build_da/generate_metab_da","freeze:metab-u-rpneg|da|dream-acute","produces"
"stem:06_generate_qc_norm/generate_metab_qc_norm","freeze:metab-u-rpneg|metadata|features","produces"
"stem:06_generate_qc_norm/stage_removed_samples","freeze:metab-u-rpneg|metadata|removed-samples","produces"
"stem:06_generate_qc_norm/generate_metab_qc_norm","freeze:metab-u-rpneg|metadata|samples","produces"
"stem:06_generate_qc_norm/generate_metab_qc_norm","freeze:metab-u-rpneg|qc-norm|log2","produces"
"stem:09_build_da/generate_metab_da","freeze:metab-u-rppos|da|dream-acute","produces"
"stem:06_generate_qc_norm/generate_metab_qc_norm","freeze:metab-u-rppos|metadata|features","produces"
"stem:06_generate_qc_norm/stage_removed_samples","freeze:metab-u-rppos|metadata|removed-samples","produces"
"stem:06_generate_qc_norm/generate_metab_qc_norm","freeze:metab-u-rppos|metadata|samples","produces"
"stem:06_generate_qc_norm/generate_metab_qc_norm","freeze:metab-u-rppos|qc-norm|log2","produces"
"stem:09_build_da/generate_clinical_da","freeze:prot-clinical|da|dream-acute","produces"
"stem:06_generate_qc_norm/generate_clinical_qc_norm","freeze:prot-clinical|metadata|features","produces"
"stem:06_generate_qc_norm/generate_clinical_qc_norm","freeze:prot-clinical|metadata|samples","produces"
"stem:06_generate_qc_norm/generate_clinical_qc_norm","freeze:prot-clinical|qc-norm|absolute","produces"
"stem:09_build_da/generate_prot_ol_da","freeze:prot-ol|da|dream-acute","produces"
"stem:06_generate_qc_norm/generate_prot_ol_qc_norm","freeze:prot-ol|metadata|features","produces"
"stem:06_generate_qc_norm/stage_removed_samples","freeze:prot-ol|metadata|removed-samples","produces"
"stem:06_generate_qc_norm/generate_prot_ol_qc_norm","freeze:prot-ol|metadata|samples","produces"
"stem:06_generate_qc_norm/generate_prot_ol_qc_norm","freeze:prot-ol|qc-norm|log2","produces"
"stem:09_build_da/generate_prot_ph_da","freeze:prot-ph|da|dream-acute","produces"
"stem:06_generate_qc_norm/generate_prot_ph_imputed","freeze:prot-ph|imputed|log2-mn","produces"
"stem:06_generate_qc_norm/generate_prot_ph_qc_norm","freeze:prot-ph|metadata|features","produces"
"stem:06_generate_qc_norm/stage_removed_samples","freeze:prot-ph|metadata|removed-samples","produces"
"stem:06_generate_qc_norm/generate_prot_ph_qc_norm","freeze:prot-ph|metadata|samples","produces"
"stem:06_generate_qc_norm/generate_prot_ph_qc_norm","freeze:prot-ph|qc-norm|log2-mn","produces"
"stem:09_build_da/generate_prot_pr_da","freeze:prot-pr|da|dream-acute","produces"
"stem:06_generate_qc_norm/generate_prot_pr_imputed","freeze:prot-pr|imputed|log2-mn","produces"
"stem:06_generate_qc_norm/generate_prot_pr_qc_norm","freeze:prot-pr|metadata|features","produces"
"stem:06_generate_qc_norm/stage_removed_samples","freeze:prot-pr|metadata|removed-samples","produces"
"stem:06_generate_qc_norm/generate_prot_pr_qc_norm","freeze:prot-pr|metadata|samples","produces"
"stem:06_generate_qc_norm/generate_prot_pr_qc_norm","freeze:prot-pr|qc-norm|log2-mn","produces"
"stem:09_build_da/generate_transcriptomics_da","freeze:transcript-rna-seq|da|dream-acute","produces"
"stem:06_generate_qc_norm/generate_transcriptomics_qc_norm","freeze:transcript-rna-seq|metadata|features","produces"
"stem:06_generate_qc_norm/stage_removed_samples","freeze:transcript-rna-seq|metadata|removed-samples","produces"
"stem:06_generate_qc_norm/generate_transcriptomics_qc_norm","freeze:transcript-rna-seq|metadata|samples","produces"
"stem:06_generate_qc_norm/generate_transcriptomics_qc_norm","freeze:transcript-rna-seq|qc-norm|log-cpm","produces"
"stem:05_stage_metabolomics_cvs/METABOLOMICS_CVS_resource","freeze:motrpac_human-precovid_metabolite-cv.txt","produces"
"stem:07_build_human_feature_to_gene/HUMAN_FEATURE_TO_GENE","freeze:motrpac-mappings-human-feature-to-gene.txt","produces"
"stem:06_generate_qc_norm/stage_ensembl_txdb","freeze:txdb_hsapiens_ensembl_v105.sqlite","produces"
"stem:06_generate_qc_norm/stage_refmet_map","freeze:motrpac_human-precovid_refmet-map.txt","produces"
"stem:06_generate_qc_norm/stage_refmet_map","freeze:motrpac_human-precovid_refmet-map_provenance.json","produces"
"freeze:epigen-atac-seq|da|dream-acute","step:11_build_sum_stats","consumed_by"
"freeze:epigen-atac-seq|metadata|features","step:07_build_human_feature_to_gene","consumed_by"
"freeze:epigen-atac-seq|metadata|features","step:08_build_qc_objects","consumed_by"
"freeze:epigen-atac-seq|metadata|features","step:09_build_da","consumed_by"
"freeze:epigen-atac-seq|metadata|samples","step:07_build_human_feature_to_gene","consumed_by"
"freeze:epigen-atac-seq|metadata|samples","step:08_build_qc_objects","consumed_by"
"freeze:epigen-atac-seq|metadata|samples","step:09_build_da","consumed_by"
"freeze:epigen-atac-seq|qc-norm|log-cpm","step:08_build_qc_objects","consumed_by"
"freeze:epigen-atac-seq|qc-norm|log-cpm","step:09_build_da","consumed_by"
"freeze:epigen-methylcap-seq|da|malax-glmm-acute","step:11_build_sum_stats","consumed_by"
"freeze:epigen-methylcap-seq|metadata|features","step:07_build_human_feature_to_gene","consumed_by"
"freeze:epigen-methylcap-seq|metadata|features","step:08_build_qc_objects","consumed_by"
"freeze:epigen-methylcap-seq|metadata|features","step:09_build_da","consumed_by"
"freeze:epigen-methylcap-seq|metadata|samples","step:07_build_human_feature_to_gene","consumed_by"
"freeze:epigen-methylcap-seq|metadata|samples","step:08_build_qc_objects","consumed_by"
"freeze:epigen-methylcap-seq|metadata|samples","step:09_build_da","consumed_by"
"freeze:epigen-methylcap-seq|qc-norm|beta-values","step:08_build_qc_objects","consumed_by"
"freeze:epigen-methylcap-seq|qc-norm|beta-values","step:09_build_da","consumed_by"
"freeze:metab-t-acoa|da|dream-acute","step:11_build_sum_stats","consumed_by"
"freeze:metab-t-acoa|metadata|features","step:07_build_human_feature_to_gene","consumed_by"
"freeze:metab-t-acoa|metadata|features","step:08_build_qc_objects","consumed_by"
"freeze:metab-t-acoa|metadata|features","step:09_build_da","consumed_by"
"freeze:metab-t-acoa|metadata|samples","step:07_build_human_feature_to_gene","consumed_by"
"freeze:metab-t-acoa|metadata|samples","step:08_build_qc_objects","consumed_by"
"freeze:metab-t-acoa|metadata|samples","step:09_build_da","consumed_by"
"freeze:metab-t-acoa|qc-norm|log2","step:08_build_qc_objects","consumed_by"
"freeze:metab-t-acoa|qc-norm|log2","step:09_build_da","consumed_by"
"freeze:metab-t-amines|da|dream-acute","step:11_build_sum_stats","consumed_by"
"freeze:metab-t-amines|metadata|features","step:07_build_human_feature_to_gene","consumed_by"
"freeze:metab-t-amines|metadata|features","step:08_build_qc_objects","consumed_by"
"freeze:metab-t-amines|metadata|features","step:09_build_da","consumed_by"
"freeze:metab-t-amines|metadata|samples","step:07_build_human_feature_to_gene","consumed_by"
"freeze:metab-t-amines|metadata|samples","step:08_build_qc_objects","consumed_by"
"freeze:metab-t-amines|metadata|samples","step:09_build_da","consumed_by"
"freeze:metab-t-amines|qc-norm|log2","step:08_build_qc_objects","consumed_by"
"freeze:metab-t-amines|qc-norm|log2","step:09_build_da","consumed_by"
"freeze:metab-t-clinical|da|dream-acute","step:11_build_sum_stats","consumed_by"
"freeze:metab-t-clinical|metadata|features","step:07_build_human_feature_to_gene","consumed_by"
"freeze:metab-t-clinical|metadata|features","step:08_build_qc_objects","consumed_by"
"freeze:metab-t-clinical|metadata|features","step:09_build_da","consumed_by"
"freeze:metab-t-clinical|metadata|samples","step:07_build_human_feature_to_gene","consumed_by"
"freeze:metab-t-clinical|metadata|samples","step:08_build_qc_objects","consumed_by"
"freeze:metab-t-clinical|metadata|samples","step:09_build_da","consumed_by"
"freeze:metab-t-clinical|qc-norm|absolute","step:08_build_qc_objects","consumed_by"
"freeze:metab-t-clinical|qc-norm|absolute","step:09_build_da","consumed_by"
"freeze:metab-t-conv|da|dream-acute","step:11_build_sum_stats","consumed_by"
"freeze:metab-t-conv|metadata|features","step:07_build_human_feature_to_gene","consumed_by"
"freeze:metab-t-conv|metadata|features","step:08_build_qc_objects","consumed_by"
"freeze:metab-t-conv|metadata|features","step:09_build_da","consumed_by"
"freeze:metab-t-conv|metadata|samples","step:07_build_human_feature_to_gene","consumed_by"
"freeze:metab-t-conv|metadata|samples","step:08_build_qc_objects","consumed_by"
"freeze:metab-t-conv|metadata|samples","step:09_build_da","consumed_by"
"freeze:metab-t-conv|qc-norm|log2","step:08_build_qc_objects","consumed_by"
"freeze:metab-t-conv|qc-norm|log2","step:09_build_da","consumed_by"
"freeze:metab-t-imm-crt|da|dream-acute","step:11_build_sum_stats","consumed_by"
"freeze:metab-t-imm-crt|metadata|features","step:07_build_human_feature_to_gene","consumed_by"
"freeze:metab-t-imm-crt|metadata|features","step:08_build_qc_objects","consumed_by"
"freeze:metab-t-imm-crt|metadata|features","step:09_build_da","consumed_by"
"freeze:metab-t-imm-crt|metadata|samples","step:07_build_human_feature_to_gene","consumed_by"
"freeze:metab-t-imm-crt|metadata|samples","step:08_build_qc_objects","consumed_by"
"freeze:metab-t-imm-crt|metadata|samples","step:09_build_da","consumed_by"
"freeze:metab-t-imm-crt|qc-norm|log2","step:08_build_qc_objects","consumed_by"
"freeze:metab-t-imm-crt|qc-norm|log2","step:09_build_da","consumed_by"
"freeze:metab-t-ka|da|dream-acute","step:11_build_sum_stats","consumed_by"
"freeze:metab-t-ka|metadata|features","step:07_build_human_feature_to_gene","consumed_by"
"freeze:metab-t-ka|metadata|features","step:08_build_qc_objects","consumed_by"
"freeze:metab-t-ka|metadata|features","step:09_build_da","consumed_by"
"freeze:metab-t-ka|metadata|samples","step:07_build_human_feature_to_gene","consumed_by"
"freeze:metab-t-ka|metadata|samples","step:08_build_qc_objects","consumed_by"
"freeze:metab-t-ka|metadata|samples","step:09_build_da","consumed_by"
"freeze:metab-t-ka|qc-norm|log2","step:08_build_qc_objects","consumed_by"
"freeze:metab-t-ka|qc-norm|log2","step:09_build_da","consumed_by"
"freeze:metab-t-nuc|da|dream-acute","step:11_build_sum_stats","consumed_by"
"freeze:metab-t-nuc|metadata|features","step:07_build_human_feature_to_gene","consumed_by"
"freeze:metab-t-nuc|metadata|features","step:08_build_qc_objects","consumed_by"
"freeze:metab-t-nuc|metadata|features","step:09_build_da","consumed_by"
"freeze:metab-t-nuc|metadata|samples","step:07_build_human_feature_to_gene","consumed_by"
"freeze:metab-t-nuc|metadata|samples","step:08_build_qc_objects","consumed_by"
"freeze:metab-t-nuc|metadata|samples","step:09_build_da","consumed_by"
"freeze:metab-t-nuc|qc-norm|log2","step:08_build_qc_objects","consumed_by"
"freeze:metab-t-nuc|qc-norm|log2","step:09_build_da","consumed_by"
"freeze:metab-t-oxylipneg|da|dream-acute","step:11_build_sum_stats","consumed_by"
"freeze:metab-t-oxylipneg|metadata|features","step:07_build_human_feature_to_gene","consumed_by"
"freeze:metab-t-oxylipneg|metadata|features","step:08_build_qc_objects","consumed_by"
"freeze:metab-t-oxylipneg|metadata|features","step:09_build_da","consumed_by"
"freeze:metab-t-oxylipneg|metadata|samples","step:07_build_human_feature_to_gene","consumed_by"
"freeze:metab-t-oxylipneg|metadata|samples","step:08_build_qc_objects","consumed_by"
"freeze:metab-t-oxylipneg|metadata|samples","step:09_build_da","consumed_by"
"freeze:metab-t-oxylipneg|qc-norm|log2","step:08_build_qc_objects","consumed_by"
"freeze:metab-t-oxylipneg|qc-norm|log2","step:09_build_da","consumed_by"
"freeze:metab-t-tca|da|dream-acute","step:11_build_sum_stats","consumed_by"
"freeze:metab-t-tca|metadata|features","step:07_build_human_feature_to_gene","consumed_by"
"freeze:metab-t-tca|metadata|features","step:08_build_qc_objects","consumed_by"
"freeze:metab-t-tca|metadata|features","step:09_build_da","consumed_by"
"freeze:metab-t-tca|metadata|samples","step:07_build_human_feature_to_gene","consumed_by"
"freeze:metab-t-tca|metadata|samples","step:08_build_qc_objects","consumed_by"
"freeze:metab-t-tca|metadata|samples","step:09_build_da","consumed_by"
"freeze:metab-t-tca|qc-norm|log2","step:08_build_qc_objects","consumed_by"
"freeze:metab-t-tca|qc-norm|log2","step:09_build_da","consumed_by"
"freeze:metab-u-hilicpos|da|dream-acute","step:11_build_sum_stats","consumed_by"
"freeze:metab-u-hilicpos|metadata|features","step:07_build_human_feature_to_gene","consumed_by"
"freeze:metab-u-hilicpos|metadata|features","step:08_build_qc_objects","consumed_by"
"freeze:metab-u-hilicpos|metadata|features","step:09_build_da","consumed_by"
"freeze:metab-u-hilicpos|metadata|samples","step:07_build_human_feature_to_gene","consumed_by"
"freeze:metab-u-hilicpos|metadata|samples","step:08_build_qc_objects","consumed_by"
"freeze:metab-u-hilicpos|metadata|samples","step:09_build_da","consumed_by"
"freeze:metab-u-hilicpos|qc-norm|log2","step:08_build_qc_objects","consumed_by"
"freeze:metab-u-hilicpos|qc-norm|log2","step:09_build_da","consumed_by"
"freeze:metab-u-ionpneg|da|dream-acute","step:11_build_sum_stats","consumed_by"
"freeze:metab-u-ionpneg|metadata|features","step:07_build_human_feature_to_gene","consumed_by"
"freeze:metab-u-ionpneg|metadata|features","step:08_build_qc_objects","consumed_by"
"freeze:metab-u-ionpneg|metadata|features","step:09_build_da","consumed_by"
"freeze:metab-u-ionpneg|metadata|samples","step:07_build_human_feature_to_gene","consumed_by"
"freeze:metab-u-ionpneg|metadata|samples","step:08_build_qc_objects","consumed_by"
"freeze:metab-u-ionpneg|metadata|samples","step:09_build_da","consumed_by"
"freeze:metab-u-ionpneg|qc-norm|log2","step:08_build_qc_objects","consumed_by"
"freeze:metab-u-ionpneg|qc-norm|log2","step:09_build_da","consumed_by"
"freeze:metab-u-lrpneg|da|dream-acute","step:11_build_sum_stats","consumed_by"
"freeze:metab-u-lrpneg|metadata|features","step:07_build_human_feature_to_gene","consumed_by"
"freeze:metab-u-lrpneg|metadata|features","step:08_build_qc_objects","consumed_by"
"freeze:metab-u-lrpneg|metadata|features","step:09_build_da","consumed_by"
"freeze:metab-u-lrpneg|metadata|samples","step:07_build_human_feature_to_gene","consumed_by"
"freeze:metab-u-lrpneg|metadata|samples","step:08_build_qc_objects","consumed_by"
"freeze:metab-u-lrpneg|metadata|samples","step:09_build_da","consumed_by"
"freeze:metab-u-lrpneg|qc-norm|log2","step:08_build_qc_objects","consumed_by"
"freeze:metab-u-lrpneg|qc-norm|log2","step:09_build_da","consumed_by"
"freeze:metab-u-lrppos|da|dream-acute","step:11_build_sum_stats","consumed_by"
"freeze:metab-u-lrppos|metadata|features","step:07_build_human_feature_to_gene","consumed_by"
"freeze:metab-u-lrppos|metadata|features","step:08_build_qc_objects","consumed_by"
"freeze:metab-u-lrppos|metadata|features","step:09_build_da","consumed_by"
"freeze:metab-u-lrppos|metadata|samples","step:07_build_human_feature_to_gene","consumed_by"
"freeze:metab-u-lrppos|metadata|samples","step:08_build_qc_objects","consumed_by"
"freeze:metab-u-lrppos|metadata|samples","step:09_build_da","consumed_by"
"freeze:metab-u-lrppos|qc-norm|log2","step:08_build_qc_objects","consumed_by"
"freeze:metab-u-lrppos|qc-norm|log2","step:09_build_da","consumed_by"
"freeze:metab-u-rpneg|da|dream-acute","step:11_build_sum_stats","consumed_by"
"freeze:metab-u-rpneg|metadata|features","step:07_build_human_feature_to_gene","consumed_by"
"freeze:metab-u-rpneg|metadata|features","step:08_build_qc_objects","consumed_by"
"freeze:metab-u-rpneg|metadata|features","step:09_build_da","consumed_by"
"freeze:metab-u-rpneg|metadata|samples","step:07_build_human_feature_to_gene","consumed_by"
"freeze:metab-u-rpneg|metadata|samples","step:08_build_qc_objects","consumed_by"
"freeze:metab-u-rpneg|metadata|samples","step:09_build_da","consumed_by"
"freeze:metab-u-rpneg|qc-norm|log2","step:08_build_qc_objects","consumed_by"
"freeze:metab-u-rpneg|qc-norm|log2","step:09_build_da","consumed_by"
"freeze:metab-u-rppos|da|dream-acute","step:11_build_sum_stats","consumed_by"
"freeze:metab-u-rppos|metadata|features","step:07_build_human_feature_to_gene","consumed_by"
"freeze:metab-u-rppos|metadata|features","step:08_build_qc_objects","consumed_by"
"freeze:metab-u-rppos|metadata|features","step:09_build_da","consumed_by"
"freeze:metab-u-rppos|metadata|samples","step:07_build_human_feature_to_gene","consumed_by"
"freeze:metab-u-rppos|metadata|samples","step:08_build_qc_objects","consumed_by"
"freeze:metab-u-rppos|metadata|samples","step:09_build_da","consumed_by"
"freeze:metab-u-rppos|qc-norm|log2","step:08_build_qc_objects","consumed_by"
"freeze:metab-u-rppos|qc-norm|log2","step:09_build_da","consumed_by"
"freeze:prot-clinical|da|dream-acute","step:11_build_sum_stats","consumed_by"
"freeze:prot-clinical|metadata|features","step:07_build_human_feature_to_gene","consumed_by"
"freeze:prot-clinical|metadata|features","step:08_build_qc_objects","consumed_by"
"freeze:prot-clinical|metadata|features","step:09_build_da","consumed_by"
"freeze:prot-clinical|metadata|samples","step:07_build_human_feature_to_gene","consumed_by"
"freeze:prot-clinical|metadata|samples","step:08_build_qc_objects","consumed_by"
"freeze:prot-clinical|metadata|samples","step:09_build_da","consumed_by"
"freeze:prot-clinical|qc-norm|absolute","step:08_build_qc_objects","consumed_by"
"freeze:prot-clinical|qc-norm|absolute","step:09_build_da","consumed_by"
"freeze:prot-ol|da|dream-acute","step:11_build_sum_stats","consumed_by"
"freeze:prot-ol|metadata|features","step:07_build_human_feature_to_gene","consumed_by"
"freeze:prot-ol|metadata|features","step:08_build_qc_objects","consumed_by"
"freeze:prot-ol|metadata|features","step:09_build_da","consumed_by"
"freeze:prot-ol|metadata|samples","step:07_build_human_feature_to_gene","consumed_by"
"freeze:prot-ol|metadata|samples","step:08_build_qc_objects","consumed_by"
"freeze:prot-ol|metadata|samples","step:09_build_da","consumed_by"
"freeze:prot-ol|qc-norm|log2","step:08_build_qc_objects","consumed_by"
"freeze:prot-ol|qc-norm|log2","step:09_build_da","consumed_by"
"freeze:prot-ph|da|dream-acute","step:11_build_sum_stats","consumed_by"
"freeze:prot-ph|imputed|log2-mn","step:08_build_qc_objects","consumed_by"
"freeze:prot-ph|metadata|features","step:07_build_human_feature_to_gene","consumed_by"
"freeze:prot-ph|metadata|features","step:08_build_qc_objects","consumed_by"
"freeze:prot-ph|metadata|features","step:09_build_da","consumed_by"
"freeze:prot-ph|metadata|samples","step:07_build_human_feature_to_gene","consumed_by"
"freeze:prot-ph|metadata|samples","step:08_build_qc_objects","consumed_by"
"freeze:prot-ph|metadata|samples","step:09_build_da","consumed_by"
"freeze:prot-ph|qc-norm|log2-mn","step:08_build_qc_objects","consumed_by"
"freeze:prot-ph|qc-norm|log2-mn","step:09_build_da","consumed_by"
"freeze:prot-pr|da|dream-acute","step:11_build_sum_stats","consumed_by"
"freeze:prot-pr|imputed|log2-mn","step:08_build_qc_objects","consumed_by"
"freeze:prot-pr|metadata|features","step:07_build_human_feature_to_gene","consumed_by"
"freeze:prot-pr|metadata|features","step:08_build_qc_objects","consumed_by"
"freeze:prot-pr|metadata|features","step:09_build_da","consumed_by"
"freeze:prot-pr|metadata|samples","step:07_build_human_feature_to_gene","consumed_by"
"freeze:prot-pr|metadata|samples","step:08_build_qc_objects","consumed_by"
"freeze:prot-pr|metadata|samples","step:09_build_da","consumed_by"
"freeze:prot-pr|qc-norm|log2-mn","step:08_build_qc_objects","consumed_by"
"freeze:prot-pr|qc-norm|log2-mn","step:09_build_da","consumed_by"
"freeze:transcript-rna-seq|da|dream-acute","step:11_build_sum_stats","consumed_by"
"freeze:transcript-rna-seq|metadata|features","step:07_build_human_feature_to_gene","consumed_by"
"freeze:transcript-rna-seq|metadata|features","step:08_build_qc_objects","consumed_by"
"freeze:transcript-rna-seq|metadata|features","step:09_build_da","consumed_by"
"freeze:transcript-rna-seq|metadata|samples","step:07_build_human_feature_to_gene","consumed_by"
"freeze:transcript-rna-seq|metadata|samples","step:08_build_qc_objects","consumed_by"
"freeze:transcript-rna-seq|metadata|samples","step:09_build_da","consumed_by"
"freeze:transcript-rna-seq|qc-norm|log-cpm","step:08_build_qc_objects","consumed_by"
"freeze:transcript-rna-seq|qc-norm|log-cpm","step:09_build_da","consumed_by"
"src:gcloud_adc","sh:scripts/00_preflight/00_preflight.sh","checked_by"
"src:production_bucket","obj:METABOLOMICS_CVS","consumed_by"
"src:production_bucket","obj:OUTLIERS","consumed_by"
"src:production_bucket","sh:scripts/00_preflight/00_preflight.sh","checked_by"
"src:staging_bucket","stem:07_build_human_feature_to_gene/HUMAN_FEATURE_TO_GENE","consumed_by"
"src:staging_bucket","obj:HUMAN_FEATURE_TO_GENE","consumed_by"
"src:staging_bucket","sh:scripts/00_preflight/00_preflight.sh","checked_by"
"src:pheno_bucket","sh:scripts/00_preflight/00_preflight.sh","checked_by"
"src:quant_id_bucket","stem:06_generate_qc_norm/generate_prot_ol_qc_norm","consumed_by"
"src:quant_id_bucket","stem:06_generate_qc_norm/generate_prot_pr_qc_norm","consumed_by"
"src:quant_id_bucket","stem:06_generate_qc_norm/generate_prot_ph_qc_norm","consumed_by"
"src:quant_id_bucket","stem:06_generate_qc_norm/generate_transcriptomics_qc_norm","consumed_by"
"src:quant_id_bucket","stem:06_generate_qc_norm/generate_atac_qc_norm","consumed_by"
"src:quant_id_bucket","stem:06_generate_qc_norm/generate_methylcap_qc_norm","consumed_by"
"src:quant_id_bucket","stem:06_generate_qc_norm/generate_metab_qc_norm","consumed_by"
"src:quant_id_bucket","stem:06_generate_qc_norm/generate_clinical_qc_norm","consumed_by"
"src:quant_id_bucket","sh:scripts/00_preflight/00_preflight.sh","checked_by"
"src:refmet_api","sh:scripts/00_preflight/00_preflight.sh","checked_by"
"src:refmet_subclass_form","pf:gmt_processing/GMT_RefMet_subclass.R","consumed_by"
"src:refmet_subclass_form","sh:scripts/00_preflight/00_preflight.sh","checked_by"
"src:keggrest","sh:scripts/00_preflight/00_preflight.sh","checked_by"
"src:enrichr_cellmarker","pf:gmt_processing/GMT_CellMarker.R","consumed_by"
"src:enrichr_cellmarker","sh:scripts/00_preflight/00_preflight.sh","checked_by"
"src:phosphositeplus_psp","pf:gmt_processing/GMT_PSP_kinase.R","consumed_by"
"src:phosphositeplus_psp","sh:scripts/00_preflight/00_preflight.sh","checked_by"
"src:utoronto_tfs","stem:14_build_utoronto_tfs/UTORONTO_TFs","consumed_by"
"src:utoronto_tfs","sh:scripts/00_preflight/00_preflight.sh","checked_by"
"src:mitocarta","pf:gmt_processing/GMT_MitoCarta.R","consumed_by"
"src:mitocarta","sh:scripts/00_preflight/00_preflight.sh","checked_by"
"src:ptmsigdb","pf:gmt_processing/GMT_PTMSigDB.R","consumed_by"
"src:ptmsigdb","sh:scripts/00_preflight/00_preflight.sh","checked_by"
"src:msigdb_c2","stem:03_build_molecular_signatures/MOLECULAR_SIGNATURES","consumed_by"
"src:msigdb_c2","sh:scripts/00_preflight/00_preflight.sh","checked_by"
"src:msigdb_c5","stem:03_build_molecular_signatures/MOLECULAR_SIGNATURES","consumed_by"
"src:msigdb_c5","sh:scripts/00_preflight/00_preflight.sh","checked_by"
"src:splicing_da_rds","pf:SPLICING_DA.R","consumed_by"
"src:splicing_da_rds","sh:scripts/00_preflight/00_preflight.sh","checked_by"
"src:covariates_csv","pf:COVARIATES_FILE.R","consumed_by"
"src:covariates_csv","sh:scripts/00_preflight/00_preflight.sh","checked_by"
"src:metabolite_cv_file","sh:scripts/00_preflight/00_preflight.sh","checked_by"
"src:refmet_snapshot","stem:06_generate_qc_norm/generate_metab_qc_norm","consumed_by"
"src:refmet_snapshot","sh:scripts/00_preflight/00_preflight.sh","checked_by"
"src:kegg_compound_snapshot","stem:06_generate_qc_norm/generate_metab_qc_norm","consumed_by"
"src:kegg_compound_snapshot","sh:scripts/00_preflight/00_preflight.sh","checked_by"
"pfout:c2.all.v2023.2.Hs.symbols.gmt.gz","step:03_build_molecular_signatures","consumed_by"
"pfout:c5.go.v2023.2.Hs.symbols.gmt.gz","step:03_build_molecular_signatures","consumed_by"
"pf:gmt_processing/GMT_MitoCarta.R","pfout:mitocarta3.0.symbols.gmt.gz","produces"
"pfout:mitocarta3.0.symbols.gmt.gz","step:03_build_molecular_signatures","consumed_by"
"pf:gmt_processing/GMT_PSP_kinase.R","pfout:phosphositeplus.v6.7.1.1.flanking.gmt.gz","produces"
"pfout:phosphositeplus.v6.7.1.1.flanking.gmt.gz","step:03_build_molecular_signatures","consumed_by"
"pf:gmt_processing/GMT_RefMet_subclass.R","pfout:metabolomics.workbench.refmet.2024.08.07.metabolites.gmt.gz","produces"
"pfout:metabolomics.workbench.refmet.2024.08.07.metabolites.gmt.gz","step:03_build_molecular_signatures","consumed_by"
"pf:gmt_processing/GMT_PTMSigDB.R","pfout:ptmsigdb.v2.0.flanking.gmt.gz","produces"
"pfout:ptmsigdb.v2.0.flanking.gmt.gz","step:03_build_molecular_signatures","consumed_by"
"pf:gmt_processing/GMT_CellMarker.R","pfout:cellmarker.v2024.symbols.gmt.gz","produces"
"pfout:cellmarker.v2024.symbols.gmt.gz","step:03_build_molecular_signatures","consumed_by"
"gate:check_required_inputs","sh:scripts/10_build_data/10_build_data.sh","requires"
"gatein:preflight:OME_TISSUE_CODE","gate:check_required_inputs","requires"
"obj:OME_TISSUE_CODE","gatein:preflight:OME_TISSUE_CODE","feeds"
"gatein:preflight:OUTLIERS","gate:check_required_inputs","requires"
"obj:OUTLIERS","gatein:preflight:OUTLIERS","feeds"
"gatein:preflight:COVARIATES_FILE","gate:check_required_inputs","requires"
"obj:COVARIATES_FILE","gatein:preflight:COVARIATES_FILE","feeds"
"gatein:preflight:QUANTID_BUCKET_FILES","gate:check_required_inputs","requires"
"gatein:methylcap","gate:check_required_inputs","requires"
"gatein:methylcap_da","gate:check_required_inputs","requires"
"gatein:atac","gate:check_required_inputs","requires"
"gatein:atac_da","gate:check_required_inputs","requires"
"lib:scripts/00_preflight/data-raw/lib/helpers.R","fn:.writeGMT","defines"
"lib:scripts/00_preflight/data-raw/lib/helpers.R","fn:ome_available_list","defines"
"lib:scripts/00_preflight/data-raw/lib/helpers.R","fn:.find_ome","defines"
"lib:scripts/00_preflight/data-raw/lib/helpers.R","fn:.find_tissue","defines"
"lib:scripts/00_preflight/data-raw/lib/helpers.R","fn:.dataraw_dir","defines"
"lib:scripts/00_preflight/data-raw/lib/helpers.R","fn:.out_dir","defines"
"lib:scripts/00_preflight/data-raw/lib/helpers.R","fn:.output_dir","defines"
"lib:scripts/00_preflight/data-raw/lib/helpers.R","fn:.gmt_out","defines"
"lib:scripts/10_build_data/09_build_da/da_common.R","fn:run_dream","defines"
"lib:scripts/10_build_data/09_build_da/da_common.R","fn:.ebayes_legacy","defines"
"lib:scripts/10_build_data/09_build_da/da_common.R","fn:.convert_dream_output","defines"
"lib:scripts/10_build_data/09_build_da/da_common.R","fn:process_covariates","defines"
"lib:scripts/10_build_data/09_build_da/da_common.R","fn:.generate_contrasts_acute","defines"
"lib:scripts/10_build_data/09_build_da/da_common.R","fn:.generate_sex_contrasts","defines"
"lib:scripts/10_build_data/09_build_da/da_common.R","fn:.da_freeze_dir","defines"
"lib:scripts/10_build_data/09_build_da/da_common.R","fn:run_da_models","defines"
"lib:scripts/10_build_data/09_build_da/da_common.R","fn:da_parallel_enabled","defines"
"lib:scripts/10_build_data/09_build_da/filter_paired_n.R","fn:filter_paired_n","defines"
"lib:scripts/10_build_data/12_build_camera_results/run_cameraPR.R","fn:run_cameraPR","defines"
"lib:scripts/10_build_data/12_build_camera_results/run_cameraPR.R","fn:.prepare_DA_results","defines"
"lib:scripts/10_build_data/12_build_camera_results/run_cameraPR.R","fn:.create_index","defines"
"lib:scripts/10_build_data/12_build_camera_results/run_cameraPR.R","fn:.prepare_sets","defines"
"lib:scripts/10_build_data/12_build_camera_results/run_cameraPR.R","fn:.prepare_DA_results_and_sets","defines"
"lib:scripts/10_build_data/13_build_fcm/run_cluster_cameraPR.R","fn:run_cluster_cameraPR","defines"
"lib:scripts/10_build_data/13_build_fcm/run_cluster_cameraPR.R","fn:.prepare_cluster_mem","defines"
"lib:scripts/10_build_data/13_build_fcm/run_cluster_cameraPR.R","fn:.split_membership_by_ome","defines"
"lib:scripts/10_build_data/13_build_fcm/run_cluster_ORA.R","fn:run_cluster_ORA","defines"
"lib:scripts/10_build_data/13_build_fcm/run_cluster_ORA.R","fn:.cluster_ORA","defines"
"lib:scripts/10_build_data/13_build_fcm/run_cluster_ORA.R","fn:.fast_list_intersect","defines"
"lib:scripts/10_build_data/13_build_fcm/run_cmeans.R","fn:run_cmeans","defines"
"lib:scripts/10_build_data/13_build_fcm/run_cmeans.R","fn:.reorder_clusters","defines"
"lib:scripts/10_build_data/15_build_ptmsea_input/preprocess_PTMSEA.R","fn:preprocess_PTMSEA","defines"
"lib:scripts/10_build_data/16_build_scion/run_SCION.R","fn:run_SCION","defines"
"lib:scripts/10_build_data/16_build_scion/run_SCION.R","fn:scion_data_processing","defines"
"lib:scripts/10_build_data/16_build_scion/run_SCION.R","fn:RS.Get.Weight.Matrix","defines"
"lib:scripts/10_build_data/16_build_scion/run_SCION.R","fn:RSGWM2","defines"
"lib:scripts/10_build_data/16_build_scion/scion_matrixes.R","fn:.scion_imputed_path","defines"
"lib:scripts/10_build_data/16_build_scion/scion_matrixes.R","fn:.scion_read_imputed","defines"
"lib:scripts/10_build_data/16_build_scion/scion_matrixes.R","fn:.scion_tf_features","defines"
"lib:scripts/10_build_data/16_build_scion/scion_matrixes.R","fn:.scion_load_da","defines"
"lib:scripts/10_build_data/16_build_scion/scion_matrixes.R","fn:.scion_de_features","defines"
"lib:scripts/10_build_data/16_build_scion/scion_matrixes.R","fn:combine_qc_matrixes","defines"
"lib:scripts/10_build_data/16_build_scion/scion_matrixes.R","fn:.load_scion_matrixes","defines"
"lib:scripts/10_build_data/16_build_scion/scion_matrixes.R","fn:.find_shared_scion_matrixes","defines"
"lib:scripts/10_build_data/16_build_scion/scion_run_cmeans.R","fn:scion_run_cmeans","defines"
"lib:scripts/10_build_data/lib/bic_norm_qc_tools.R","fn:recast_numeric_data_frame","defines"
"lib:scripts/10_build_data/lib/bic_norm_qc_tools.R","fn:DownloadBucketLocal","defines"
"lib:scripts/10_build_data/lib/bic_norm_qc_tools.R","fn:get_site","defines"
"lib:scripts/10_build_data/lib/bic_norm_qc_tools.R","fn:read_experimental_details","defines"
"lib:scripts/10_build_data/lib/bic_norm_qc_tools.R","fn:parse_metabolomics_dataset_by_regex","defines"
"lib:scripts/10_build_data/lib/bic_norm_qc_tools.R","fn:read_single_metabolomics_dataset_from_bucket","defines"
"lib:scripts/10_build_data/lib/bic_norm_qc_tools.R","fn:read_metabolomics_datasets_from_download_obj","defines"
"lib:scripts/10_build_data/lib/bic_norm_qc_tools.R","fn:merge_named_and_unnamed_metabolomics_datasets","defines"
"lib:scripts/10_build_data/lib/bic_norm_qc_tools.R","fn:min_val_knn_hybrid_imputation","defines"
"lib:scripts/10_build_data/lib/bic_norm_qc_tools.R","fn:run_median_mad_norm","defines"
"lib:scripts/10_build_data/lib/file_versions.R","fn:.fv_entry","defines"
"lib:scripts/10_build_data/lib/file_versions.R","fn:.fv_rows","defines"
"lib:scripts/10_build_data/lib/file_versions.R","fn:freeze_files","defines"
"lib:scripts/10_build_data/lib/file_versions.R","fn:.fv_new_version","defines"
"lib:scripts/10_build_data/lib/file_versions.R","fn:freeze_version","defines"
"lib:scripts/10_build_data/lib/qc_helpers.R","fn:precovid_root","defines"
"lib:scripts/10_build_data/lib/qc_helpers.R","fn:variancepartition_parallel_enabled","defines"
"lib:scripts/10_build_data/lib/qc_helpers.R","fn:rerun_atac_enabled","defines"
"lib:scripts/10_build_data/lib/qc_helpers.R","fn:quantid_path","defines"
"lib:scripts/10_build_data/lib/qc_helpers.R","fn:.ensembl_v105_txdb","defines"
"lib:scripts/10_build_data/lib/qc_helpers.R","fn:ensembl_v105_getBM","defines"
"lib:scripts/10_build_data/lib/qc_helpers.R","fn:.match_ome_tissue_code","defines"
"lib:scripts/10_build_data/lib/qc_helpers.R","fn:write_with_path_name","defines"
"lib:scripts/10_build_data/lib/qc_helpers.R","fn:.clinical_ome_for_feature","defines"
"lib:scripts/10_build_data/lib/qc_helpers.R","fn:.freeze_subdir_for_ome","defines"
"lib:scripts/10_build_data/lib/qc_helpers.R","fn:load_pheno","defines"
"lib:scripts/10_build_data/lib/qc_helpers.R","fn:.median_mad_norm","defines"
"lib:scripts/10_build_data/lib/qc_helpers.R","fn:.remove_na","defines"
"lib:scripts/10_build_data/lib/qc_helpers.R","fn:report_replicate_correlations","defines"
"lib:scripts/10_build_data/lib/qc_helpers.R","fn:process_covariates","defines"
"lib:scripts/10_build_data/lib/qc_helpers.R","fn:pre_cawg_get_peak_annotations_hs","defines"
"lib:scripts/10_build_data/lib/qc_helpers.R","fn:run_mice","defines"
"lib:scripts/10_build_data/lib/qc_helpers.R","fn:.metab_cvs","defines"
"lib:scripts/10_build_data/lib/qc_helpers.R","fn:.feature_to_gene","defines"
"lib:scripts/10_build_data/lib/qc_helpers.R","fn:load_qc_local","defines"
"lib:scripts/10_build_data/lib/qc_helpers.R","fn:.match_subset_arg","defines"
"lib:scripts/10_build_data/lib/qc_helpers.R","fn:subset_qc","defines"
"lib:scripts/10_build_data/lib/qc_helpers.R","fn:.eliminate_redundant_metab","defines"
"lib:scripts/10_build_data/lib/qc_helpers.R","fn:.filter_unnamed_metab","defines"
"lib:scripts/10_build_data/lib/test_helpers.R","fn:`%||%`","defines"
"lib:scripts/10_build_data/lib/test_helpers.R","fn:.pipeline_env_val","defines"
"lib:scripts/10_build_data/lib/test_helpers.R","fn:.record","defines"
"lib:scripts/10_build_data/lib/test_helpers.R","fn:assert","defines"
"lib:scripts/10_build_data/lib/test_helpers.R","fn:check","defines"
"lib:scripts/10_build_data/lib/test_helpers.R","fn:skip","defines"
"lib:scripts/10_build_data/lib/test_helpers.R","fn:report","defines"
"lib:scripts/10_build_data/lib/test_helpers.R","fn:warn","defines"
"lib:scripts/10_build_data/lib/test_helpers.R","fn:finish","defines"
"lib:scripts/10_build_data/lib/test_helpers.R","fn:load_built","defines"
"lib:scripts/10_build_data/lib/test_helpers.R","fn:load_preflight","defines"
"lib:scripts/10_build_data/lib/test_helpers.R","fn:assert_cols","defines"
"lib:scripts/10_build_data/lib/test_helpers.R","fn:assert_levels","defines"
"lib:scripts/10_build_data/lib/test_helpers.R","fn:assert_subset","defines"
"lib:scripts/10_build_data/lib/test_helpers.R","fn:assert_unique","defines"
"lib:scripts/10_build_data/lib/test_helpers.R","fn:assert_na","defines"
"lib:scripts/10_build_data/lib/test_helpers.R","fn:assert_completeness","defines"
"lib:scripts/10_build_data/lib/test_helpers.R","fn:assert_no_dup_versions","defines"
"lib:scripts/10_build_data/lib/test_helpers.R","fn:expected_tissue_omes","defines"
"lib:scripts/10_build_data/lib/test_helpers.R","fn:covariate_cols_for","defines"
"lib:scripts/10_build_data/lib/test_helpers.R","fn:assert_qc_leaf","defines"
"lib:scripts/10_build_data/lib/test_helpers.R","fn:.find_rda","defines"
"lib:scripts/10_build_data/lib/test_helpers.R","fn:.load_rda","defines"
"lib:scripts/10_build_data/lib/test_helpers.R","fn:.cmp","defines"
"lib:scripts/10_build_data/lib/test_helpers.R","fn:diff_vs_package","defines"
"lib:scripts/10_build_data/lib/test_helpers.R","fn:.have_gsutil","defines"
"lib:scripts/10_build_data/lib/test_helpers.R","fn:.per_feat_cor","defines"
"lib:scripts/10_build_data/lib/test_helpers.R","fn:.bucket_files","defines"
"lib:scripts/10_build_data/lib/test_helpers.R","fn:diff_freeze_vs_bucket","defines"
"lib:scripts/20_upload_bucket/lib/bucket_helpers.R","fn:.pipeline_env","defines"
"lib:scripts/20_upload_bucket/lib/bucket_helpers.R","fn:.timestamp","defines"
"lib:scripts/20_upload_bucket/lib/bucket_helpers.R","fn:gcs_inventory","defines"
"lib:scripts/20_upload_bucket/lib/bucket_helpers.R","fn:md5_base64_to_hex","defines"
"lib:scripts/20_upload_bucket/lib/bucket_helpers.R","fn:freeze_inventory","defines"
"lib:scripts/20_upload_bucket/lib/bucket_helpers.R","fn:parse_bic_name","defines"
"lib:scripts/20_upload_bucket/lib/bucket_helpers.R","fn:strip_to_version","defines"
"lib:scripts/20_upload_bucket/lib/bucket_helpers.R","fn:.ver_rank","defines"
"lib:scripts/20_upload_bucket/lib/bucket_helpers.R","fn:join_key","defines"
"lib:scripts/20_upload_bucket/lib/bucket_helpers.R","fn:path_ext","defines"
"lib:scripts/20_upload_bucket/lib/bucket_helpers.R","fn:classify_freeze_file","defines"
"lib:scripts/20_upload_bucket/lib/bucket_helpers.R","fn:freeze_numerically_equivalent","defines"
"lib:scripts/20_upload_bucket/lib/bucket_helpers.R","fn:report_write","defines"
"lib:scripts/20_upload_bucket/lib/bucket_helpers.R","fn:write_replace_readme","defines"
"lib:scripts/20_upload_bucket/lib/expected_columns.R","fn:.get_expected_cols","defines"
"lib:scripts/20_upload_bucket/lib/required_structure.R","fn:.qc_details","defines"
"lib:scripts/20_upload_bucket/lib/required_structure.R","fn:.gcs_subdir","defines"
"lib:scripts/20_upload_bucket/lib/required_structure.R","fn:.da_details","defines"
"lib:scripts/20_upload_bucket/lib/required_structure.R","fn:.row","defines"
"lib:scripts/20_upload_bucket/lib/required_structure.R","fn:.pair_rows","defines"
"lib:scripts/20_upload_bucket/lib/required_structure.R","fn:is_carried_forward","defines"
"lib:scripts/30_update_relevant_packages/audit/lib/pkg_introspect.R","fn:pkg_r_files","defines"
"lib:scripts/30_update_relevant_packages/audit/lib/pkg_introspect.R","fn:pkg_data_objects","defines"
"lib:scripts/30_update_relevant_packages/audit/lib/pkg_introspect.R","fn:pkg_man_topics","defines"
"lib:scripts/30_update_relevant_packages/audit/lib/pkg_introspect.R","fn:pkg_man_aliases","defines"
"lib:scripts/30_update_relevant_packages/audit/lib/pkg_introspect.R","fn:pkg_data_doc_aliases","defines"
"lib:scripts/30_update_relevant_packages/audit/lib/pkg_introspect.R","fn:read_description","defines"
"lib:scripts/30_update_relevant_packages/audit/lib/pkg_introspect.R","fn:description_deps","defines"
"lib:scripts/30_update_relevant_packages/audit/lib/pkg_introspect.R","fn:parse_namespace","defines"
"lib:scripts/30_update_relevant_packages/audit/lib/pkg_introspect.R","fn:pkg_function_defs","defines"
"lib:scripts/30_update_relevant_packages/audit/lib/pkg_introspect.R","fn:pkg_function_env","defines"
"lib:scripts/30_update_relevant_packages/audit/lib/pkg_introspect.R","fn:pkg_call_graph","defines"
"lib:scripts/30_update_relevant_packages/audit/lib/pkg_introspect.R","fn:pkg_self_recursive","defines"
"lib:scripts/30_update_relevant_packages/audit/lib/pkg_introspect.R","fn:find_cycles","defines"
"lib:scripts/30_update_relevant_packages/audit/lib/pkg_introspect.R","fn:pkg_qualified_calls","defines"
"lib:scripts/30_update_relevant_packages/audit/lib/pkg_introspect.R","fn:pkg_symbol_uses","defines"
"lib:scripts/30_update_relevant_packages/audit/lib/pkg_introspect.R","fn:pkg_symbol_use_counts","defines"
"lib:scripts/30_update_relevant_packages/audit/lib/pkg_introspect.R","fn:pkg_attached_calls","defines"
"lib:scripts/30_update_relevant_packages/audit/lib/pkg_introspect.R","fn:pkg_mentions","defines"
"lib:scripts/30_update_relevant_packages/audit/lib/pkg_introspect.R","fn:classify_mention","defines"
"lib:scripts/30_update_relevant_packages/audit/lib/pkg_introspect.R","fn:rbuildignore_covers","defines"
"lib:scripts/30_update_relevant_packages/audit/lib/pkg_introspect.R","fn:write_tsv","defines"
"lib:scripts/30_update_relevant_packages/carry/lib/carry_helpers.R","fn:script_dir","defines"
"lib:scripts/30_update_relevant_packages/carry/lib/carry_helpers.R","fn:parse_opts","defines"
"lib:scripts/30_update_relevant_packages/carry/lib/carry_helpers.R","fn:read_tsv","defines"
"lib:scripts/30_update_relevant_packages/carry/lib/carry_helpers.R","fn:write_tsv","defines"
"lib:scripts/30_update_relevant_packages/carry/lib/carry_helpers.R","fn:new_report","defines"
"lib:scripts/30_update_relevant_packages/carry/lib/carry_helpers.R","fn:record","defines"
"lib:scripts/30_update_relevant_packages/carry/lib/carry_helpers.R","fn:report_frame","defines"
"lib:scripts/30_update_relevant_packages/carry/lib/carry_helpers.R","fn:git_out","defines"
"lib:scripts/30_update_relevant_packages/carry/lib/carry_helpers.R","fn:is_git_repo","defines"
"lib:scripts/30_update_relevant_packages/carry/lib/carry_helpers.R","fn:git_branch","defines"
"lib:scripts/30_update_relevant_packages/carry/lib/carry_helpers.R","fn:git_sha","defines"
"lib:scripts/30_update_relevant_packages/carry/lib/carry_helpers.R","fn:git_dirty","defines"
"lib:scripts/30_update_relevant_packages/carry/lib/carry_helpers.R","fn:read_description","defines"
"lib:scripts/30_update_relevant_packages/carry/lib/carry_helpers.R","fn:set_description_field","defines"
"lib:scripts/30_update_relevant_packages/carry/lib/carry_helpers.R","fn:load_rda_object","defines"
"lib:scripts/30_update_relevant_packages/carry/lib/carry_helpers.R","fn:compare_object","defines"
"lib:scripts/30_update_relevant_packages/carry/lib/carry_helpers.R","fn:dim_str","defines"
"lib:scripts/30_update_relevant_packages/carry/lib/carry_helpers.R","fn:describe_object","defines"
"lib:scripts/30_update_relevant_packages/carry/lib/carry_helpers.R","fn:save_package_object","defines"
"lib:scripts/30_update_relevant_packages/carry/lib/routing.R","fn:route_object","defines"
"lib:scripts/30_update_relevant_packages/carry/lib/routing.R","fn:route_objects","defines"
"pf:COLORS_ABBREVIATIONS.R","fn:.out_dir","calls"
"pf:COVARIATES_FILE.R","fn:.dataraw_dir","calls"
"pf:COVARIATES_FILE.R","fn:.out_dir","calls"
"pf:gmt_processing/GMT_CellMarker.R","fn:.dataraw_dir","calls"
"pf:gmt_processing/GMT_CellMarker.R","fn:.gmt_out","calls"
"pf:gmt_processing/GMT_MitoCarta.R","fn:.dataraw_dir","calls"
"pf:gmt_processing/GMT_MitoCarta.R","fn:.gmt_out","calls"
"pf:gmt_processing/GMT_PSP_kinase.R","fn:.dataraw_dir","calls"
"pf:gmt_processing/GMT_PSP_kinase.R","fn:.gmt_out","calls"
"pf:gmt_processing/GMT_PTMSigDB.R","fn:.dataraw_dir","calls"
"pf:gmt_processing/GMT_PTMSigDB.R","fn:.gmt_out","calls"
"pf:gmt_processing/GMT_RefMet_subclass.R","fn:.dataraw_dir","calls"
"pf:gmt_processing/GMT_RefMet_subclass.R","fn:.output_dir","calls"
"fn:.find_ome","fn:ome_available_list","calls"
"fn:.out_dir","fn:.dataraw_dir","calls"
"fn:.output_dir","fn:.dataraw_dir","calls"
"fn:.gmt_out","fn:.output_dir","calls"
"fn:.gmt_out","fn:.writeGMT","calls"
"pf:OME_TISSUE_CODE.R","fn:.out_dir","calls"
"pf:OME_TISSUE_CODE.R","fn:.find_tissue","calls"
"pf:OUTLIERS.R","fn:.dataraw_dir","calls"
"pf:OUTLIERS.R","fn:.find_tissue","calls"
"pf:OUTLIERS.R","fn:.find_ome","calls"
"pf:OUTLIERS.R","fn:.out_dir","calls"
"pf:SPLICING_DA.R","fn:.dataraw_dir","calls"
"pf:SPLICING_DA.R","fn:.out_dir","calls"
"test:01_stage_clinical/clinical_staging_tests","fn:assert","calls"
"test:01_stage_clinical/clinical_staging_tests","fn:load_built","calls"
"test:01_stage_clinical/clinical_staging_tests","fn:diff_vs_package","calls"
"test:01_stage_clinical/clinical_staging_tests","fn:finish","calls"
"test:02_stage_pheno/pheno_tests","fn:load_built","calls"
"test:02_stage_pheno/pheno_tests","fn:assert","calls"
"test:02_stage_pheno/pheno_tests","fn:assert_cols","calls"
"test:02_stage_pheno/pheno_tests","fn:assert_subset","calls"
"test:02_stage_pheno/pheno_tests","fn:diff_vs_package","calls"
"test:02_stage_pheno/pheno_tests","fn:finish","calls"
"test:03_build_molecular_signatures/molecular_signatures_tests","fn:load_built","calls"
"test:03_build_molecular_signatures/molecular_signatures_tests","fn:assert","calls"
"test:03_build_molecular_signatures/molecular_signatures_tests","fn:diff_vs_package","calls"
"test:03_build_molecular_signatures/molecular_signatures_tests","fn:finish","calls"
"test:04_build_set_to_id/set_to_id_tests","fn:load_built","calls"
"test:04_build_set_to_id/set_to_id_tests","fn:assert","calls"
"test:04_build_set_to_id/set_to_id_tests","fn:assert_cols","calls"
"test:04_build_set_to_id/set_to_id_tests","fn:assert_unique","calls"
"test:04_build_set_to_id/set_to_id_tests","fn:assert_subset","calls"
"test:04_build_set_to_id/set_to_id_tests","fn:skip","calls"
"test:04_build_set_to_id/set_to_id_tests","fn:diff_vs_package","calls"
"test:04_build_set_to_id/set_to_id_tests","fn:finish","calls"
"stem:05_stage_metabolomics_cvs/METABOLOMICS_CVS_resource","fn:freeze_version","calls"
"test:05_stage_metabolomics_cvs/metabolomics_cvs_tests","fn:load_built","calls"
"test:05_stage_metabolomics_cvs/metabolomics_cvs_tests","fn:assert","calls"
"test:05_stage_metabolomics_cvs/metabolomics_cvs_tests","fn:assert_cols","calls"
"test:05_stage_metabolomics_cvs/metabolomics_cvs_tests","fn:diff_vs_package","calls"
"test:05_stage_metabolomics_cvs/metabolomics_cvs_tests","fn:finish","calls"
"stem:06_generate_qc_norm/generate_atac_qc_norm","fn:variancepartition_parallel_enabled","calls"
"stem:06_generate_qc_norm/generate_atac_qc_norm","fn:rerun_atac_enabled","calls"
"stem:06_generate_qc_norm/generate_atac_qc_norm","fn:quantid_path","calls"
"stem:06_generate_qc_norm/generate_atac_qc_norm","fn:load_pheno","calls"
"stem:06_generate_qc_norm/generate_atac_qc_norm","fn:process_covariates","calls"
"stem:06_generate_qc_norm/generate_atac_qc_norm","fn:write_with_path_name","calls"
"stem:06_generate_qc_norm/generate_atac_qc_norm","fn:pre_cawg_get_peak_annotations_hs","calls"
"stem:06_generate_qc_norm/generate_atac_qc_norm","fn:ensembl_v105_getBM","calls"
"stem:06_generate_qc_norm/generate_clinical_qc_norm","fn:.clinical_ome_for_feature","calls"
"stem:06_generate_qc_norm/generate_clinical_qc_norm","fn:.freeze_subdir_for_ome","calls"
"stem:06_generate_qc_norm/generate_clinical_qc_norm","fn:write_with_path_name","calls"
"stem:06_generate_qc_norm/generate_clinical_qc_norm","fn:ensembl_v105_getBM","calls"
"stem:06_generate_qc_norm/generate_metab_qc_norm","fn:read_metabolomics_datasets_from_download_obj","calls"
"stem:06_generate_qc_norm/generate_metab_qc_norm","fn:load_pheno","calls"
"stem:06_generate_qc_norm/generate_metab_qc_norm","fn:merge_named_and_unnamed_metabolomics_datasets","calls"
"stem:06_generate_qc_norm/generate_metab_qc_norm","fn:run_median_mad_norm","calls"
"stem:06_generate_qc_norm/generate_metab_qc_norm","fn:write_with_path_name","calls"
"stem:06_generate_qc_norm/generate_metab_qc_norm","fn:DownloadBucketLocal","calls"
"stem:06_generate_qc_norm/generate_metab_qc_norm","fn:min_val_knn_hybrid_imputation","calls"
"stem:06_generate_qc_norm/generate_methylcap_qc_norm","fn:quantid_path","calls"
"stem:06_generate_qc_norm/generate_methylcap_qc_norm","fn:load_pheno","calls"
"stem:06_generate_qc_norm/generate_methylcap_qc_norm","fn:write_with_path_name","calls"
"stem:06_generate_qc_norm/generate_methylcap_qc_norm","fn:pre_cawg_get_peak_annotations_hs","calls"
"stem:06_generate_qc_norm/generate_methylcap_qc_norm","fn:ensembl_v105_getBM","calls"
"stem:06_generate_qc_norm/generate_prot_ol_qc_norm","fn:quantid_path","calls"
"stem:06_generate_qc_norm/generate_prot_ol_qc_norm","fn:load_pheno","calls"
"stem:06_generate_qc_norm/generate_prot_ol_qc_norm","fn:process_covariates","calls"
"stem:06_generate_qc_norm/generate_prot_ol_qc_norm","fn:write_with_path_name","calls"
"stem:06_generate_qc_norm/generate_prot_ol_qc_norm","fn:ensembl_v105_getBM","calls"
"stem:06_generate_qc_norm/generate_prot_ph_imputed","fn:.match_ome_tissue_code","calls"
"stem:06_generate_qc_norm/generate_prot_ph_imputed","fn:run_mice","calls"
"stem:06_generate_qc_norm/generate_prot_ph_imputed","fn:write_with_path_name","calls"
"stem:06_generate_qc_norm/generate_prot_ph_qc_norm","fn:load_pheno","calls"
"stem:06_generate_qc_norm/generate_prot_ph_qc_norm","fn:.match_ome_tissue_code","calls"
"stem:06_generate_qc_norm/generate_prot_ph_qc_norm","fn:quantid_path","calls"
"stem:06_generate_qc_norm/generate_prot_ph_qc_norm","fn:.median_mad_norm","calls"
"stem:06_generate_qc_norm/generate_prot_ph_qc_norm","fn:process_covariates","calls"
"stem:06_generate_qc_norm/generate_prot_ph_qc_norm","fn:report_replicate_correlations","calls"
"stem:06_generate_qc_norm/generate_prot_ph_qc_norm","fn:.remove_na","calls"
"stem:06_generate_qc_norm/generate_prot_ph_qc_norm","fn:write_with_path_name","calls"
"stem:06_generate_qc_norm/generate_prot_ph_qc_norm","fn:ensembl_v105_getBM","calls"
"stem:06_generate_qc_norm/generate_prot_pr_imputed","fn:.match_ome_tissue_code","calls"
"stem:06_generate_qc_norm/generate_prot_pr_imputed","fn:run_mice","calls"
"stem:06_generate_qc_norm/generate_prot_pr_imputed","fn:write_with_path_name","calls"
"stem:06_generate_qc_norm/generate_prot_pr_qc_norm","fn:load_pheno","calls"
"stem:06_generate_qc_norm/generate_prot_pr_qc_norm","fn:.match_ome_tissue_code","calls"
"stem:06_generate_qc_norm/generate_prot_pr_qc_norm","fn:quantid_path","calls"
"stem:06_generate_qc_norm/generate_prot_pr_qc_norm","fn:.median_mad_norm","calls"
"stem:06_generate_qc_norm/generate_prot_pr_qc_norm","fn:process_covariates","calls"
"stem:06_generate_qc_norm/generate_prot_pr_qc_norm","fn:report_replicate_correlations","calls"
"stem:06_generate_qc_norm/generate_prot_pr_qc_norm","fn:.remove_na","calls"
"stem:06_generate_qc_norm/generate_prot_pr_qc_norm","fn:write_with_path_name","calls"
"stem:06_generate_qc_norm/generate_prot_pr_qc_norm","fn:ensembl_v105_getBM","calls"
"stem:06_generate_qc_norm/generate_transcriptomics_qc_norm","fn:quantid_path","calls"
"stem:06_generate_qc_norm/generate_transcriptomics_qc_norm","fn:load_pheno","calls"
"stem:06_generate_qc_norm/generate_transcriptomics_qc_norm","fn:.match_ome_tissue_code","calls"
"stem:06_generate_qc_norm/generate_transcriptomics_qc_norm","fn:process_covariates","calls"
"stem:06_generate_qc_norm/generate_transcriptomics_qc_norm","fn:write_with_path_name","calls"
"stem:06_generate_qc_norm/generate_transcriptomics_qc_norm","fn:ensembl_v105_getBM","calls"
"test:06_generate_qc_norm/qc_norm_freeze_tests","fn:assert_no_dup_versions","calls"
"test:06_generate_qc_norm/qc_norm_freeze_tests","fn:assert","calls"
"test:06_generate_qc_norm/qc_norm_freeze_tests","fn:finish","calls"
"test:06_generate_qc_norm/qc_norm_freeze_tests","fn:load_preflight","calls"
"test:06_generate_qc_norm/qc_norm_freeze_tests","fn:report","calls"
"test:06_generate_qc_norm/qc_norm_freeze_tests","fn:skip","calls"
"test:06_generate_qc_norm/qc_norm_freeze_tests","fn:assert_unique","calls"
"test:06_generate_qc_norm/qc_norm_freeze_tests","fn:diff_freeze_vs_bucket","calls"
"stem:06_generate_qc_norm/stage_ensembl_txdb","fn:freeze_version","calls"
"stem:06_generate_qc_norm/stage_refmet_map","fn:freeze_version","calls"
"stem:06_generate_qc_norm/stage_removed_samples","fn:.freeze_subdir_for_ome","calls"
"test:07_build_human_feature_to_gene/feature_to_gene_tests","fn:load_built","calls"
"test:07_build_human_feature_to_gene/feature_to_gene_tests","fn:assert","calls"
"test:07_build_human_feature_to_gene/feature_to_gene_tests","fn:assert_cols","calls"
"test:07_build_human_feature_to_gene/feature_to_gene_tests","fn:assert_subset","calls"
"test:07_build_human_feature_to_gene/feature_to_gene_tests","fn:assert_unique","calls"
"test:07_build_human_feature_to_gene/feature_to_gene_tests","fn:report","calls"
"test:07_build_human_feature_to_gene/feature_to_gene_tests","fn:skip","calls"
"test:07_build_human_feature_to_gene/feature_to_gene_tests","fn:diff_vs_package","calls"
"test:07_build_human_feature_to_gene/feature_to_gene_tests","fn:finish","calls"
"stem:07_build_human_feature_to_gene/HUMAN_FEATURE_TO_GENE","fn:freeze_version","calls"
"stem:08_build_qc_objects/qc_norm_results","fn:load_pheno","calls"
"test:08_build_qc_objects/qc_object_tests","fn:load_qc_local","calls"
"test:08_build_qc_objects/qc_object_tests","fn:assert","calls"
"test:08_build_qc_objects/qc_object_tests","fn:assert_completeness","calls"
"test:08_build_qc_objects/qc_object_tests","fn:expected_tissue_omes","calls"
"test:08_build_qc_objects/qc_object_tests","fn:assert_qc_leaf","calls"
"test:08_build_qc_objects/qc_object_tests","fn:skip","calls"
"test:08_build_qc_objects/qc_object_tests","fn:load_built","calls"
"test:08_build_qc_objects/qc_object_tests","fn:report","calls"
"test:08_build_qc_objects/qc_object_tests","fn:.per_feat_cor","calls"
"test:08_build_qc_objects/qc_object_tests","fn:.find_rda","calls"
"test:08_build_qc_objects/qc_object_tests","fn:.load_rda","calls"
"test:08_build_qc_objects/qc_object_tests","fn:finish","calls"
"fn:run_dream","fn:.generate_contrasts_acute","calls"
"fn:run_dream","fn:.generate_sex_contrasts","calls"
"fn:run_dream","fn:.ebayes_legacy","calls"
"fn:.da_freeze_dir","fn:.freeze_subdir_for_ome","calls"
"fn:run_da_models","fn:.da_freeze_dir","calls"
"fn:run_da_models","fn:run_dream","calls"
"fn:run_da_models","fn:.convert_dream_output","calls"
"fn:run_da_models","fn:write_with_path_name","calls"
"fn:da_parallel_enabled","fn:variancepartition_parallel_enabled","calls"
"test:09_build_da/da_tests","fn:assert_no_dup_versions","calls"
"test:09_build_da/da_tests","fn:assert","calls"
"test:09_build_da/da_tests","fn:finish","calls"
"test:09_build_da/da_tests","fn:report","calls"
"test:09_build_da/da_tests","fn:load_preflight","calls"
"test:09_build_da/da_tests","fn:assert_completeness","calls"
"test:09_build_da/da_tests","fn:freeze_files","calls"
"test:09_build_da/da_tests","fn:skip","calls"
"test:09_build_da/da_tests","fn:assert_unique","calls"
"test:09_build_da/da_tests","fn:warn","calls"
"test:09_build_da/da_tests","fn:.bucket_files","calls"
"stem:09_build_da/generate_atac_da","fn:rerun_atac_enabled","calls"
"stem:09_build_da/generate_atac_da","fn:da_parallel_enabled","calls"
"stem:09_build_da/generate_atac_da","fn:.match_ome_tissue_code","calls"
"stem:09_build_da/generate_atac_da","fn:quantid_path","calls"
"stem:09_build_da/generate_atac_da","fn:load_qc_local","calls"
"stem:09_build_da/generate_atac_da","fn:process_covariates","calls"
"stem:09_build_da/generate_atac_da","fn:run_da_models","calls"
"stem:09_build_da/generate_atac_da","fn:.freeze_subdir_for_ome","calls"
"stem:09_build_da/generate_clinical_da","fn:da_parallel_enabled","calls"
"stem:09_build_da/generate_clinical_da","fn:load_qc_local","calls"
"stem:09_build_da/generate_clinical_da","fn:process_covariates","calls"
"stem:09_build_da/generate_clinical_da","fn:run_dream","calls"
"stem:09_build_da/generate_clinical_da","fn:.convert_dream_output","calls"
"stem:09_build_da/generate_clinical_da","fn:.freeze_subdir_for_ome","calls"
"stem:09_build_da/generate_clinical_da","fn:write_with_path_name","calls"
"stem:09_build_da/generate_metab_da","fn:da_parallel_enabled","calls"
"stem:09_build_da/generate_metab_da","fn:load_qc_local","calls"
"stem:09_build_da/generate_metab_da","fn:process_covariates","calls"
"stem:09_build_da/generate_metab_da","fn:run_dream","calls"
"stem:09_build_da/generate_metab_da","fn:.convert_dream_output","calls"
"stem:09_build_da/generate_metab_da","fn:.da_freeze_dir","calls"
"stem:09_build_da/generate_metab_da","fn:write_with_path_name","calls"
"stem:09_build_da/generate_methylcap_da","fn:.freeze_subdir_for_ome","calls"
"stem:09_build_da/generate_prot_ol_da","fn:da_parallel_enabled","calls"
"stem:09_build_da/generate_prot_ol_da","fn:load_qc_local","calls"
"stem:09_build_da/generate_prot_ol_da","fn:process_covariates","calls"
"stem:09_build_da/generate_prot_ol_da","fn:run_da_models","calls"
"stem:09_build_da/generate_prot_ph_da","fn:da_parallel_enabled","calls"
"stem:09_build_da/generate_prot_ph_da","fn:load_qc_local","calls"
"stem:09_build_da/generate_prot_ph_da","fn:filter_paired_n","calls"
"stem:09_build_da/generate_prot_ph_da","fn:process_covariates","calls"
"stem:09_build_da/generate_prot_ph_da","fn:run_da_models","calls"
"stem:09_build_da/generate_prot_pr_da","fn:da_parallel_enabled","calls"
"stem:09_build_da/generate_prot_pr_da","fn:load_qc_local","calls"
"stem:09_build_da/generate_prot_pr_da","fn:filter_paired_n","calls"
"stem:09_build_da/generate_prot_pr_da","fn:process_covariates","calls"
"stem:09_build_da/generate_prot_pr_da","fn:run_da_models","calls"
"stem:09_build_da/generate_transcriptomics_da","fn:da_parallel_enabled","calls"
"stem:09_build_da/generate_transcriptomics_da","fn:.match_ome_tissue_code","calls"
"stem:09_build_da/generate_transcriptomics_da","fn:quantid_path","calls"
"stem:09_build_da/generate_transcriptomics_da","fn:load_qc_local","calls"
"stem:09_build_da/generate_transcriptomics_da","fn:process_covariates","calls"
"stem:09_build_da/generate_transcriptomics_da","fn:run_da_models","calls"
"test:10_build_da_assemble/da_assemble_tests","fn:load_preflight","calls"
"test:10_build_da_assemble/da_assemble_tests","fn:assert","calls"
"test:10_build_da_assemble/da_assemble_tests","fn:finish","calls"
"test:10_build_da_assemble/da_assemble_tests","fn:assert_completeness","calls"
"test:10_build_da_assemble/da_assemble_tests","fn:load_built","calls"
"test:10_build_da_assemble/da_assemble_tests","fn:skip","calls"
"test:10_build_da_assemble/da_assemble_tests","fn:assert_cols","calls"
"test:10_build_da_assemble/da_assemble_tests","fn:assert_unique","calls"
"test:10_build_da_assemble/da_assemble_tests","fn:assert_levels","calls"
"test:10_build_da_assemble/da_assemble_tests","fn:assert_subset","calls"
"test:10_build_da_assemble/da_assemble_tests","fn:report","calls"
"test:10_build_da_assemble/da_assemble_tests","fn:.find_rda","calls"
"test:10_build_da_assemble/da_assemble_tests","fn:.load_rda","calls"
"test:10_build_da_assemble/da_assemble_tests","fn:.cmp","calls"
"stem:11_build_sum_stats/all_group_stats","fn:load_qc_local","calls"
"test:11_build_sum_stats/sum_stats_tests","fn:assert","calls"
"test:11_build_sum_stats/sum_stats_tests","fn:finish","calls"
"test:11_build_sum_stats/sum_stats_tests","fn:load_preflight","calls"
"test:11_build_sum_stats/sum_stats_tests","fn:load_built","calls"
"test:11_build_sum_stats/sum_stats_tests","fn:skip","calls"
"test:11_build_sum_stats/sum_stats_tests","fn:assert_cols","calls"
"test:11_build_sum_stats/sum_stats_tests","fn:assert_unique","calls"
"test:11_build_sum_stats/sum_stats_tests","fn:assert_subset","calls"
"test:11_build_sum_stats/sum_stats_tests","fn:.find_rda","calls"
"test:11_build_sum_stats/sum_stats_tests","fn:.load_rda","calls"
"test:11_build_sum_stats/sum_stats_tests","fn:report","calls"
"stem:12_build_camera_results/CAMERA_RESULTS","fn:run_cameraPR","calls"
"test:12_build_camera_results/camera_tests","fn:load_built","calls"
"test:12_build_camera_results/camera_tests","fn:assert","calls"
"test:12_build_camera_results/camera_tests","fn:finish","calls"
"test:12_build_camera_results/camera_tests","fn:assert_cols","calls"
"test:12_build_camera_results/camera_tests","fn:assert_completeness","calls"
"test:12_build_camera_results/camera_tests","fn:skip","calls"
"test:12_build_camera_results/camera_tests","fn:assert_subset","calls"
"test:12_build_camera_results/camera_tests","fn:assert_unique","calls"
"test:12_build_camera_results/camera_tests","fn:.find_rda","calls"
"test:12_build_camera_results/camera_tests","fn:report","calls"
"test:12_build_camera_results/camera_tests","fn:.load_rda","calls"
"fn:run_cameraPR","fn:.prepare_DA_results_and_sets","calls"
"fn:.prepare_DA_results_and_sets","fn:.create_index","calls"
"fn:.prepare_DA_results_and_sets","fn:.prepare_DA_results","calls"
"fn:.prepare_DA_results_and_sets","fn:.prepare_sets","calls"
"stem:13_build_fcm/FCM_clustering_results","fn:run_cmeans","calls"
"stem:13_build_fcm/FCM_clustering_results","fn:run_cluster_cameraPR","calls"
"stem:13_build_fcm/FCM_clustering_results","fn:run_cluster_ORA","calls"
"test:13_build_fcm/fcm_tests","fn:load_built","calls"
"test:13_build_fcm/fcm_tests","fn:assert","calls"
"test:13_build_fcm/fcm_tests","fn:finish","calls"
"test:13_build_fcm/fcm_tests","fn:assert_subset","calls"
"test:13_build_fcm/fcm_tests","fn:assert_completeness","calls"
"test:13_build_fcm/fcm_tests","fn:assert_cols","calls"
"test:13_build_fcm/fcm_tests","fn:skip","calls"
"test:13_build_fcm/fcm_tests","fn:assert_unique","calls"
"test:13_build_fcm/fcm_tests","fn:.find_rda","calls"
"test:13_build_fcm/fcm_tests","fn:report","calls"
"test:13_build_fcm/fcm_tests","fn:.load_rda","calls"
"fn:run_cluster_cameraPR","fn:.prepare_cluster_mem","calls"
"fn:run_cluster_cameraPR","fn:.create_index","calls"
"fn:run_cluster_cameraPR","fn:.prepare_sets","calls"
"fn:.prepare_cluster_mem","fn:.split_membership_by_ome","calls"
"fn:run_cluster_ORA","fn:.prepare_cluster_mem","calls"
"fn:run_cluster_ORA","fn:.create_index","calls"
"fn:run_cluster_ORA","fn:.prepare_sets","calls"
"fn:run_cluster_ORA","fn:.cluster_ORA","calls"
"fn:.cluster_ORA","fn:.fast_list_intersect","calls"
"fn:run_cmeans","fn:.prepare_DA_results","calls"
"fn:run_cmeans","fn:.reorder_clusters","calls"
"test:14_build_utoronto_tfs/utoronto_tests","fn:load_built","calls"
"test:14_build_utoronto_tfs/utoronto_tests","fn:assert","calls"
"test:14_build_utoronto_tfs/utoronto_tests","fn:finish","calls"
"test:14_build_utoronto_tfs/utoronto_tests","fn:assert_cols","calls"
"test:14_build_utoronto_tfs/utoronto_tests","fn:assert_unique","calls"
"test:14_build_utoronto_tfs/utoronto_tests","fn:assert_na","calls"
"test:14_build_utoronto_tfs/utoronto_tests","fn:skip","calls"
"test:14_build_utoronto_tfs/utoronto_tests","fn:report","calls"
"test:14_build_utoronto_tfs/utoronto_tests","fn:assert_subset","calls"
"test:14_build_utoronto_tfs/utoronto_tests","fn:diff_vs_package","calls"
"stem:15_build_ptmsea_input/PTMSEA_INPUT","fn:preprocess_PTMSEA","calls"
"test:15_build_ptmsea_input/ptmsea_tests","fn:load_built","calls"
"test:15_build_ptmsea_input/ptmsea_tests","fn:assert","calls"
"test:15_build_ptmsea_input/ptmsea_tests","fn:finish","calls"
"test:15_build_ptmsea_input/ptmsea_tests","fn:assert_completeness","calls"
"test:15_build_ptmsea_input/ptmsea_tests","fn:skip","calls"
"test:15_build_ptmsea_input/ptmsea_tests","fn:assert_unique","calls"
"test:15_build_ptmsea_input/ptmsea_tests","fn:report","calls"
"fn:run_SCION","fn:scion_data_processing","calls"
"fn:run_SCION","fn:.scion_load_da","calls"
"fn:run_SCION","fn:scion_run_cmeans","calls"
"fn:run_SCION","fn:RS.Get.Weight.Matrix","calls"
"fn:run_SCION","fn:.feature_to_gene","calls"
"fn:scion_data_processing","fn:.find_shared_scion_matrixes","calls"
"fn:RS.Get.Weight.Matrix","fn:RSGWM2","calls"
"fn:.scion_imputed_path","fn:.freeze_subdir_for_ome","calls"
"fn:.scion_imputed_path","fn:write_with_path_name","calls"
"fn:.scion_read_imputed","fn:.scion_imputed_path","calls"
"fn:.scion_de_features","fn:.scion_load_da","calls"
"fn:combine_qc_matrixes","fn:.feature_to_gene","calls"
"fn:.load_scion_matrixes","fn:load_qc_local","calls"
"fn:.load_scion_matrixes","fn:.scion_read_imputed","calls"
"fn:.load_scion_matrixes","fn:subset_qc","calls"
"fn:.load_scion_matrixes","fn:.scion_tf_features","calls"
"fn:.load_scion_matrixes","fn:.scion_de_features","calls"
"fn:.load_scion_matrixes","fn:combine_qc_matrixes","calls"
"fn:.find_shared_scion_matrixes","fn:load_pheno","calls"
"stem:16_build_scion/SCION_NETWORKS","fn:run_SCION","calls"
"stem:16_build_scion/SCION_NETWORKS","fn:.load_scion_matrixes","calls"
"fn:scion_run_cmeans","fn:.prepare_DA_results","calls"
"test:16_build_scion/scion_tests","fn:skip","calls"
"test:16_build_scion/scion_tests","fn:finish","calls"
"test:16_build_scion/scion_tests","fn:assert_cols","calls"
"test:16_build_scion/scion_tests","fn:assert","calls"
"test:16_build_scion/scion_tests","fn:report","calls"
"test:16_build_scion/scion_tests","fn:warn","calls"
"fn:parse_metabolomics_dataset_by_regex","fn:recast_numeric_data_frame","calls"
"fn:read_single_metabolomics_dataset_from_bucket","fn:get_site","calls"
"fn:read_single_metabolomics_dataset_from_bucket","fn:read_experimental_details","calls"
"fn:read_single_metabolomics_dataset_from_bucket","fn:parse_metabolomics_dataset_by_regex","calls"
"fn:read_metabolomics_datasets_from_download_obj","fn:read_single_metabolomics_dataset_from_bucket","calls"
"fn:.fv_rows","fn:.fv_entry","calls"
"lib:scripts/10_build_data/lib/file_versions.R","fn:.fv_rows","calls"
"fn:freeze_version","fn:.fv_new_version","calls"
"lib:scripts/10_build_data/lib/qc_helpers.R","fn:precovid_root","calls"
"fn:write_with_path_name","fn:.match_ome_tissue_code","calls"
"fn:write_with_path_name","fn:freeze_version","calls"
"fn:pre_cawg_get_peak_annotations_hs","fn:.ensembl_v105_txdb","calls"
"fn:load_qc_local","fn:subset_qc","calls"
"fn:load_qc_local","fn:.filter_unnamed_metab","calls"
"fn:load_qc_local","fn:.eliminate_redundant_metab","calls"
"fn:subset_qc","fn:.match_subset_arg","calls"
"fn:.eliminate_redundant_metab","fn:.metab_cvs","calls"
"fn:.filter_unnamed_metab","fn:.feature_to_gene","calls"
"lib:scripts/10_build_data/lib/test_helpers.R","fn:.pipeline_env_val","calls"
"fn:assert","fn:.record","calls"
"fn:check","fn:.record","calls"
"fn:skip","fn:.record","calls"
"fn:report","fn:.record","calls"
"fn:warn","fn:.record","calls"
"fn:assert_cols","fn:assert","calls"
"fn:assert_levels","fn:assert","calls"
"fn:assert_subset","fn:assert","calls"
"fn:assert_unique","fn:assert","calls"
"fn:assert_na","fn:assert","calls"
"fn:assert_completeness","fn:assert","calls"
"fn:assert_no_dup_versions","fn:assert","calls"
"fn:expected_tissue_omes","fn:load_preflight","calls"
"fn:assert_qc_leaf","fn:assert","calls"
"fn:assert_qc_leaf","fn:assert_unique","calls"
"fn:assert_qc_leaf","fn:covariate_cols_for","calls"
"fn:assert_qc_leaf","fn:assert_cols","calls"
"fn:assert_qc_leaf","fn:assert_subset","calls"
"fn:diff_vs_package","fn:.find_rda","calls"
"fn:diff_vs_package","fn:report","calls"
"fn:diff_vs_package","fn:load_built","calls"
"fn:diff_vs_package","fn:.cmp","calls"
"fn:diff_vs_package","fn:.load_rda","calls"
"fn:.bucket_files","fn:.have_gsutil","calls"
"fn:diff_freeze_vs_bucket","fn:.bucket_files","calls"
"fn:diff_freeze_vs_bucket","fn:skip","calls"
"fn:diff_freeze_vs_bucket","fn:.per_feat_cor","calls"
"fn:diff_freeze_vs_bucket","fn:assert","calls"
"lib:scripts/20_upload_bucket/lib/bucket_helpers.R","fn:.pipeline_env","calls"
"fn:gcs_inventory","fn:md5_base64_to_hex","calls"
"fn:parse_bic_name","fn:strip_to_version","calls"
"fn:freeze_numerically_equivalent","fn:path_ext","calls"
"fn:freeze_numerically_equivalent","fn:read_tsv","calls"
"fn:write_replace_readme","fn:.timestamp","calls"
"fn:.pair_rows","fn:.gcs_subdir","calls"
"fn:.pair_rows","fn:.row","calls"
"fn:.pair_rows","fn:.qc_details","calls"
"fn:.pair_rows","fn:.da_details","calls"
"lib:scripts/20_upload_bucket/lib/required_structure.R","fn:.pair_rows","calls"
"fn:pkg_function_defs","fn:pkg_r_files","calls"
"fn:pkg_function_env","fn:pkg_r_files","calls"
"fn:pkg_call_graph","fn:pkg_function_env","calls"
"fn:pkg_self_recursive","fn:pkg_function_env","calls"
"fn:pkg_qualified_calls","fn:pkg_r_files","calls"
"fn:pkg_symbol_uses","fn:pkg_symbol_use_counts","calls"
"fn:pkg_symbol_use_counts","fn:pkg_function_defs","calls"
"fn:pkg_symbol_use_counts","fn:pkg_r_files","calls"
"fn:pkg_attached_calls","fn:pkg_r_files","calls"
"fn:pkg_mentions","fn:classify_mention","calls"
"fn:is_git_repo","fn:git_out","calls"
"fn:git_branch","fn:git_out","calls"
"fn:git_sha","fn:git_out","calls"
"fn:git_dirty","fn:git_out","calls"
"fn:compare_object","fn:describe_object","calls"
"fn:compare_object","fn:dim_str","calls"
"fn:describe_object","fn:dim_str","calls"
"lib:scripts/00_preflight/data-raw/lib/helpers.R","pf:COLORS_ABBREVIATIONS.R","sourced_by"
"lib:scripts/00_preflight/data-raw/lib/helpers.R","pf:COVARIATES_FILE.R","sourced_by"
"lib:scripts/00_preflight/data-raw/lib/helpers.R","pf:gmt_processing/GMT_CellMarker.R","sourced_by"
"lib:scripts/00_preflight/data-raw/lib/helpers.R","pf:gmt_processing/GMT_MitoCarta.R","sourced_by"
"lib:scripts/00_preflight/data-raw/lib/helpers.R","pf:gmt_processing/GMT_PSP_kinase.R","sourced_by"
"lib:scripts/00_preflight/data-raw/lib/helpers.R","pf:gmt_processing/GMT_PTMSigDB.R","sourced_by"
"lib:scripts/00_preflight/data-raw/lib/helpers.R","pf:gmt_processing/GMT_RefMet_subclass.R","sourced_by"
"lib:scripts/00_preflight/data-raw/lib/helpers.R","pf:OME_TISSUE_CODE.R","sourced_by"
"lib:scripts/00_preflight/data-raw/lib/helpers.R","pf:OUTLIERS.R","sourced_by"
"lib:scripts/00_preflight/data-raw/lib/helpers.R","pf:SPLICING_DA.R","sourced_by"
"lib:scripts/00_preflight/data-raw/lib/helpers.R","test:01_stage_clinical/clinical_staging_tests","sourced_by"
"lib:scripts/10_build_data/lib/test_helpers.R","test:01_stage_clinical/clinical_staging_tests","sourced_by"
"lib:scripts/00_preflight/data-raw/lib/helpers.R","test:02_stage_pheno/pheno_tests","sourced_by"
"lib:scripts/10_build_data/lib/test_helpers.R","test:02_stage_pheno/pheno_tests","sourced_by"
"lib:scripts/00_preflight/data-raw/lib/helpers.R","test:03_build_molecular_signatures/molecular_signatures_tests","sourced_by"
"lib:scripts/10_build_data/lib/test_helpers.R","test:03_build_molecular_signatures/molecular_signatures_tests","sourced_by"
"lib:scripts/00_preflight/data-raw/lib/helpers.R","test:04_build_set_to_id/set_to_id_tests","sourced_by"
"lib:scripts/10_build_data/lib/test_helpers.R","test:04_build_set_to_id/set_to_id_tests","sourced_by"
"lib:scripts/10_build_data/lib/file_versions.R","stem:05_stage_metabolomics_cvs/METABOLOMICS_CVS_resource","sourced_by"
"lib:scripts/00_preflight/data-raw/lib/helpers.R","test:05_stage_metabolomics_cvs/metabolomics_cvs_tests","sourced_by"
"lib:scripts/10_build_data/lib/test_helpers.R","test:05_stage_metabolomics_cvs/metabolomics_cvs_tests","sourced_by"
"lib:scripts/00_preflight/data-raw/lib/helpers.R","stem:06_generate_qc_norm/generate_atac_qc_norm","sourced_by"
"lib:scripts/10_build_data/lib/qc_helpers.R","stem:06_generate_qc_norm/generate_atac_qc_norm","sourced_by"
"lib:scripts/00_preflight/data-raw/lib/helpers.R","stem:06_generate_qc_norm/generate_clinical_qc_norm","sourced_by"
"lib:scripts/10_build_data/lib/qc_helpers.R","stem:06_generate_qc_norm/generate_clinical_qc_norm","sourced_by"
"lib:scripts/00_preflight/data-raw/lib/helpers.R","stem:06_generate_qc_norm/generate_metab_qc_norm","sourced_by"
"lib:scripts/10_build_data/lib/bic_norm_qc_tools.R","stem:06_generate_qc_norm/generate_metab_qc_norm","sourced_by"
"lib:scripts/10_build_data/lib/qc_helpers.R","stem:06_generate_qc_norm/generate_metab_qc_norm","sourced_by"
"lib:scripts/00_preflight/data-raw/lib/helpers.R","stem:06_generate_qc_norm/generate_methylcap_qc_norm","sourced_by"
"lib:scripts/10_build_data/lib/qc_helpers.R","stem:06_generate_qc_norm/generate_methylcap_qc_norm","sourced_by"
"lib:scripts/00_preflight/data-raw/lib/helpers.R","stem:06_generate_qc_norm/generate_prot_ol_qc_norm","sourced_by"
"lib:scripts/10_build_data/lib/qc_helpers.R","stem:06_generate_qc_norm/generate_prot_ol_qc_norm","sourced_by"
"lib:scripts/00_preflight/data-raw/lib/helpers.R","stem:06_generate_qc_norm/generate_prot_ph_imputed","sourced_by"
"lib:scripts/10_build_data/lib/qc_helpers.R","stem:06_generate_qc_norm/generate_prot_ph_imputed","sourced_by"
"lib:scripts/00_preflight/data-raw/lib/helpers.R","stem:06_generate_qc_norm/generate_prot_ph_qc_norm","sourced_by"
"lib:scripts/10_build_data/lib/qc_helpers.R","stem:06_generate_qc_norm/generate_prot_ph_qc_norm","sourced_by"
"lib:scripts/00_preflight/data-raw/lib/helpers.R","stem:06_generate_qc_norm/generate_prot_pr_imputed","sourced_by"
"lib:scripts/10_build_data/lib/qc_helpers.R","stem:06_generate_qc_norm/generate_prot_pr_imputed","sourced_by"
"lib:scripts/00_preflight/data-raw/lib/helpers.R","stem:06_generate_qc_norm/generate_prot_pr_qc_norm","sourced_by"
"lib:scripts/10_build_data/lib/qc_helpers.R","stem:06_generate_qc_norm/generate_prot_pr_qc_norm","sourced_by"
"lib:scripts/00_preflight/data-raw/lib/helpers.R","stem:06_generate_qc_norm/generate_transcriptomics_qc_norm","sourced_by"
"lib:scripts/10_build_data/lib/qc_helpers.R","stem:06_generate_qc_norm/generate_transcriptomics_qc_norm","sourced_by"
"lib:scripts/00_preflight/data-raw/lib/helpers.R","test:06_generate_qc_norm/qc_norm_freeze_tests","sourced_by"
"lib:scripts/10_build_data/lib/test_helpers.R","test:06_generate_qc_norm/qc_norm_freeze_tests","sourced_by"
"lib:scripts/10_build_data/lib/file_versions.R","stem:06_generate_qc_norm/stage_ensembl_txdb","sourced_by"
"lib:scripts/10_build_data/lib/file_versions.R","stem:06_generate_qc_norm/stage_refmet_map","sourced_by"
"lib:scripts/00_preflight/data-raw/lib/helpers.R","stem:06_generate_qc_norm/stage_removed_samples","sourced_by"
"lib:scripts/10_build_data/lib/qc_helpers.R","stem:06_generate_qc_norm/stage_removed_samples","sourced_by"
"lib:scripts/00_preflight/data-raw/lib/helpers.R","test:07_build_human_feature_to_gene/feature_to_gene_tests","sourced_by"
"lib:scripts/10_build_data/lib/test_helpers.R","test:07_build_human_feature_to_gene/feature_to_gene_tests","sourced_by"
"lib:scripts/10_build_data/lib/file_versions.R","stem:07_build_human_feature_to_gene/HUMAN_FEATURE_TO_GENE","sourced_by"
"lib:scripts/00_preflight/data-raw/lib/helpers.R","stem:08_build_qc_objects/qc_norm_results","sourced_by"
"lib:scripts/10_build_data/lib/qc_helpers.R","stem:08_build_qc_objects/qc_norm_results","sourced_by"
"lib:scripts/00_preflight/data-raw/lib/helpers.R","test:08_build_qc_objects/qc_object_tests","sourced_by"
"lib:scripts/10_build_data/lib/qc_helpers.R","test:08_build_qc_objects/qc_object_tests","sourced_by"
"lib:scripts/10_build_data/lib/test_helpers.R","test:08_build_qc_objects/qc_object_tests","sourced_by"
"lib:scripts/00_preflight/data-raw/lib/helpers.R","lib:scripts/10_build_data/09_build_da/da_common.R","sourced_by"
"lib:scripts/10_build_data/09_build_da/filter_paired_n.R","lib:scripts/10_build_data/09_build_da/da_common.R","sourced_by"
"lib:scripts/10_build_data/lib/qc_helpers.R","lib:scripts/10_build_data/09_build_da/da_common.R","sourced_by"
"lib:scripts/00_preflight/data-raw/lib/helpers.R","test:09_build_da/da_tests","sourced_by"
"lib:scripts/10_build_data/lib/file_versions.R","test:09_build_da/da_tests","sourced_by"
"lib:scripts/10_build_data/lib/test_helpers.R","test:09_build_da/da_tests","sourced_by"
"lib:scripts/00_preflight/data-raw/lib/helpers.R","stem:09_build_da/generate_atac_da","sourced_by"
"lib:scripts/10_build_data/09_build_da/da_common.R","stem:09_build_da/generate_atac_da","sourced_by"
"lib:scripts/10_build_data/lib/qc_helpers.R","stem:09_build_da/generate_atac_da","sourced_by"
"lib:scripts/10_build_data/09_build_da/da_common.R","stem:09_build_da/generate_clinical_da","sourced_by"
"lib:scripts/10_build_data/09_build_da/da_common.R","stem:09_build_da/generate_metab_da","sourced_by"
"lib:scripts/00_preflight/data-raw/lib/helpers.R","stem:09_build_da/generate_methylcap_da","sourced_by"
"lib:scripts/10_build_data/lib/qc_helpers.R","stem:09_build_da/generate_methylcap_da","sourced_by"
"lib:scripts/10_build_data/09_build_da/da_common.R","stem:09_build_da/generate_prot_ol_da","sourced_by"
"lib:scripts/10_build_data/09_build_da/da_common.R","stem:09_build_da/generate_prot_ph_da","sourced_by"
"lib:scripts/10_build_data/09_build_da/da_common.R","stem:09_build_da/generate_prot_pr_da","sourced_by"
"lib:scripts/10_build_data/09_build_da/da_common.R","stem:09_build_da/generate_transcriptomics_da","sourced_by"
"lib:scripts/00_preflight/data-raw/lib/helpers.R","test:10_build_da_assemble/da_assemble_tests","sourced_by"
"lib:scripts/10_build_data/lib/test_helpers.R","test:10_build_da_assemble/da_assemble_tests","sourced_by"
"lib:scripts/00_preflight/data-raw/lib/helpers.R","stem:11_build_sum_stats/all_group_stats","sourced_by"
"lib:scripts/10_build_data/lib/qc_helpers.R","stem:11_build_sum_stats/all_group_stats","sourced_by"
"lib:scripts/00_preflight/data-raw/lib/helpers.R","test:11_build_sum_stats/sum_stats_tests","sourced_by"
"lib:scripts/10_build_data/lib/test_helpers.R","test:11_build_sum_stats/sum_stats_tests","sourced_by"
"lib:scripts/10_build_data/12_build_camera_results/run_cameraPR.R","stem:12_build_camera_results/CAMERA_RESULTS","sourced_by"
"lib:scripts/00_preflight/data-raw/lib/helpers.R","test:12_build_camera_results/camera_tests","sourced_by"
"lib:scripts/10_build_data/lib/test_helpers.R","test:12_build_camera_results/camera_tests","sourced_by"
"lib:scripts/10_build_data/12_build_camera_results/run_cameraPR.R","stem:13_build_fcm/FCM_clustering_results","sourced_by"
"lib:scripts/10_build_data/13_build_fcm/run_cluster_cameraPR.R","stem:13_build_fcm/FCM_clustering_results","sourced_by"
"lib:scripts/10_build_data/13_build_fcm/run_cluster_ORA.R","stem:13_build_fcm/FCM_clustering_results","sourced_by"
"lib:scripts/10_build_data/13_build_fcm/run_cmeans.R","stem:13_build_fcm/FCM_clustering_results","sourced_by"
"lib:scripts/00_preflight/data-raw/lib/helpers.R","test:13_build_fcm/fcm_tests","sourced_by"
"lib:scripts/10_build_data/lib/test_helpers.R","test:13_build_fcm/fcm_tests","sourced_by"
"lib:scripts/00_preflight/data-raw/lib/helpers.R","test:14_build_utoronto_tfs/utoronto_tests","sourced_by"
"lib:scripts/10_build_data/lib/test_helpers.R","test:14_build_utoronto_tfs/utoronto_tests","sourced_by"
"lib:scripts/10_build_data/15_build_ptmsea_input/preprocess_PTMSEA.R","stem:15_build_ptmsea_input/PTMSEA_INPUT","sourced_by"
"lib:scripts/00_preflight/data-raw/lib/helpers.R","test:15_build_ptmsea_input/ptmsea_tests","sourced_by"
"lib:scripts/10_build_data/lib/test_helpers.R","test:15_build_ptmsea_input/ptmsea_tests","sourced_by"
"lib:scripts/00_preflight/data-raw/lib/helpers.R","stem:16_build_scion/SCION_NETWORKS","sourced_by"
"lib:scripts/10_build_data/12_build_camera_results/run_cameraPR.R","stem:16_build_scion/SCION_NETWORKS","sourced_by"
"lib:scripts/10_build_data/13_build_fcm/run_cmeans.R","stem:16_build_scion/SCION_NETWORKS","sourced_by"
"lib:scripts/10_build_data/16_build_scion/run_SCION.R","stem:16_build_scion/SCION_NETWORKS","sourced_by"
"lib:scripts/10_build_data/16_build_scion/scion_matrixes.R","stem:16_build_scion/SCION_NETWORKS","sourced_by"
"lib:scripts/10_build_data/16_build_scion/scion_run_cmeans.R","stem:16_build_scion/SCION_NETWORKS","sourced_by"
"lib:scripts/10_build_data/lib/qc_helpers.R","stem:16_build_scion/SCION_NETWORKS","sourced_by"
"lib:scripts/00_preflight/data-raw/lib/helpers.R","test:16_build_scion/scion_tests","sourced_by"
"lib:scripts/10_build_data/lib/test_helpers.R","test:16_build_scion/scion_tests","sourced_by"
"lib:scripts/10_build_data/lib/file_versions.R","lib:scripts/10_build_data/lib/qc_helpers.R","sourced_by"
"freeze:epigen-atac-seq|da|dream-acute","sh:scripts/20_upload_bucket/20_upload_bucket.sh","consumed_by"
"freeze:epigen-atac-seq|metadata|features","sh:scripts/20_upload_bucket/20_upload_bucket.sh","consumed_by"
"freeze:epigen-atac-seq|metadata|removed-samples","sh:scripts/20_upload_bucket/20_upload_bucket.sh","consumed_by"
"freeze:epigen-atac-seq|metadata|samples","sh:scripts/20_upload_bucket/20_upload_bucket.sh","consumed_by"
"freeze:epigen-atac-seq|qc-norm|log-cpm","sh:scripts/20_upload_bucket/20_upload_bucket.sh","consumed_by"
"freeze:epigen-methylcap-seq|da|malax-glmm-acute","sh:scripts/20_upload_bucket/20_upload_bucket.sh","consumed_by"
"freeze:epigen-methylcap-seq|metadata|features","sh:scripts/20_upload_bucket/20_upload_bucket.sh","consumed_by"
"freeze:epigen-methylcap-seq|metadata|removed-samples","sh:scripts/20_upload_bucket/20_upload_bucket.sh","consumed_by"
"freeze:epigen-methylcap-seq|metadata|samples","sh:scripts/20_upload_bucket/20_upload_bucket.sh","consumed_by"
"freeze:epigen-methylcap-seq|qc-norm|beta-values","sh:scripts/20_upload_bucket/20_upload_bucket.sh","consumed_by"
"freeze:metab-t-acoa|da|dream-acute","sh:scripts/20_upload_bucket/20_upload_bucket.sh","consumed_by"
"freeze:metab-t-acoa|metadata|features","sh:scripts/20_upload_bucket/20_upload_bucket.sh","consumed_by"
"freeze:metab-t-acoa|metadata|removed-samples","sh:scripts/20_upload_bucket/20_upload_bucket.sh","consumed_by"
"freeze:metab-t-acoa|metadata|samples","sh:scripts/20_upload_bucket/20_upload_bucket.sh","consumed_by"
"freeze:metab-t-acoa|qc-norm|log2","sh:scripts/20_upload_bucket/20_upload_bucket.sh","consumed_by"
"freeze:metab-t-amines|da|dream-acute","sh:scripts/20_upload_bucket/20_upload_bucket.sh","consumed_by"
"freeze:metab-t-amines|metadata|features","sh:scripts/20_upload_bucket/20_upload_bucket.sh","consumed_by"
"freeze:metab-t-amines|metadata|removed-samples","sh:scripts/20_upload_bucket/20_upload_bucket.sh","consumed_by"
"freeze:metab-t-amines|metadata|samples","sh:scripts/20_upload_bucket/20_upload_bucket.sh","consumed_by"
"freeze:metab-t-amines|qc-norm|log2","sh:scripts/20_upload_bucket/20_upload_bucket.sh","consumed_by"
"freeze:metab-t-clinical|da|dream-acute","sh:scripts/20_upload_bucket/20_upload_bucket.sh","consumed_by"
"freeze:metab-t-clinical|metadata|features","sh:scripts/20_upload_bucket/20_upload_bucket.sh","consumed_by"
"freeze:metab-t-clinical|metadata|samples","sh:scripts/20_upload_bucket/20_upload_bucket.sh","consumed_by"
"freeze:metab-t-clinical|qc-norm|absolute","sh:scripts/20_upload_bucket/20_upload_bucket.sh","consumed_by"
"freeze:metab-t-conv|da|dream-acute","sh:scripts/20_upload_bucket/20_upload_bucket.sh","consumed_by"
"freeze:metab-t-conv|metadata|features","sh:scripts/20_upload_bucket/20_upload_bucket.sh","consumed_by"
"freeze:metab-t-conv|metadata|samples","sh:scripts/20_upload_bucket/20_upload_bucket.sh","consumed_by"
"freeze:metab-t-conv|qc-norm|log2","sh:scripts/20_upload_bucket/20_upload_bucket.sh","consumed_by"
"freeze:metab-t-imm-crt|da|dream-acute","sh:scripts/20_upload_bucket/20_upload_bucket.sh","consumed_by"
"freeze:metab-t-imm-crt|metadata|features","sh:scripts/20_upload_bucket/20_upload_bucket.sh","consumed_by"
"freeze:metab-t-imm-crt|metadata|samples","sh:scripts/20_upload_bucket/20_upload_bucket.sh","consumed_by"
"freeze:metab-t-imm-crt|qc-norm|log2","sh:scripts/20_upload_bucket/20_upload_bucket.sh","consumed_by"
"freeze:metab-t-ka|da|dream-acute","sh:scripts/20_upload_bucket/20_upload_bucket.sh","consumed_by"
"freeze:metab-t-ka|metadata|features","sh:scripts/20_upload_bucket/20_upload_bucket.sh","consumed_by"
"freeze:metab-t-ka|metadata|samples","sh:scripts/20_upload_bucket/20_upload_bucket.sh","consumed_by"
"freeze:metab-t-ka|qc-norm|log2","sh:scripts/20_upload_bucket/20_upload_bucket.sh","consumed_by"
"freeze:metab-t-nuc|da|dream-acute","sh:scripts/20_upload_bucket/20_upload_bucket.sh","consumed_by"
"freeze:metab-t-nuc|metadata|features","sh:scripts/20_upload_bucket/20_upload_bucket.sh","consumed_by"
"freeze:metab-t-nuc|metadata|removed-samples","sh:scripts/20_upload_bucket/20_upload_bucket.sh","consumed_by"
"freeze:metab-t-nuc|metadata|samples","sh:scripts/20_upload_bucket/20_upload_bucket.sh","consumed_by"
"freeze:metab-t-nuc|qc-norm|log2","sh:scripts/20_upload_bucket/20_upload_bucket.sh","consumed_by"
"freeze:metab-t-oxylipneg|da|dream-acute","sh:scripts/20_upload_bucket/20_upload_bucket.sh","consumed_by"
"freeze:metab-t-oxylipneg|metadata|features","sh:scripts/20_upload_bucket/20_upload_bucket.sh","consumed_by"
"freeze:metab-t-oxylipneg|metadata|removed-samples","sh:scripts/20_upload_bucket/20_upload_bucket.sh","consumed_by"
"freeze:metab-t-oxylipneg|metadata|samples","sh:scripts/20_upload_bucket/20_upload_bucket.sh","consumed_by"
"freeze:metab-t-oxylipneg|qc-norm|log2","sh:scripts/20_upload_bucket/20_upload_bucket.sh","consumed_by"
"freeze:metab-t-tca|da|dream-acute","sh:scripts/20_upload_bucket/20_upload_bucket.sh","consumed_by"
"freeze:metab-t-tca|metadata|features","sh:scripts/20_upload_bucket/20_upload_bucket.sh","consumed_by"
"freeze:metab-t-tca|metadata|removed-samples","sh:scripts/20_upload_bucket/20_upload_bucket.sh","consumed_by"
"freeze:metab-t-tca|metadata|samples","sh:scripts/20_upload_bucket/20_upload_bucket.sh","consumed_by"
"freeze:metab-t-tca|qc-norm|log2","sh:scripts/20_upload_bucket/20_upload_bucket.sh","consumed_by"
"freeze:metab-u-hilicpos|da|dream-acute","sh:scripts/20_upload_bucket/20_upload_bucket.sh","consumed_by"
"freeze:metab-u-hilicpos|metadata|features","sh:scripts/20_upload_bucket/20_upload_bucket.sh","consumed_by"
"freeze:metab-u-hilicpos|metadata|removed-samples","sh:scripts/20_upload_bucket/20_upload_bucket.sh","consumed_by"
"freeze:metab-u-hilicpos|metadata|samples","sh:scripts/20_upload_bucket/20_upload_bucket.sh","consumed_by"
"freeze:metab-u-hilicpos|qc-norm|log2","sh:scripts/20_upload_bucket/20_upload_bucket.sh","consumed_by"
"freeze:metab-u-ionpneg|da|dream-acute","sh:scripts/20_upload_bucket/20_upload_bucket.sh","consumed_by"
"freeze:metab-u-ionpneg|metadata|features","sh:scripts/20_upload_bucket/20_upload_bucket.sh","consumed_by"
"freeze:metab-u-ionpneg|metadata|samples","sh:scripts/20_upload_bucket/20_upload_bucket.sh","consumed_by"
"freeze:metab-u-ionpneg|qc-norm|log2","sh:scripts/20_upload_bucket/20_upload_bucket.sh","consumed_by"
"freeze:metab-u-lrpneg|da|dream-acute","sh:scripts/20_upload_bucket/20_upload_bucket.sh","consumed_by"
"freeze:metab-u-lrpneg|metadata|features","sh:scripts/20_upload_bucket/20_upload_bucket.sh","consumed_by"
"freeze:metab-u-lrpneg|metadata|removed-samples","sh:scripts/20_upload_bucket/20_upload_bucket.sh","consumed_by"
"freeze:metab-u-lrpneg|metadata|samples","sh:scripts/20_upload_bucket/20_upload_bucket.sh","consumed_by"
"freeze:metab-u-lrpneg|qc-norm|log2","sh:scripts/20_upload_bucket/20_upload_bucket.sh","consumed_by"
"freeze:metab-u-lrppos|da|dream-acute","sh:scripts/20_upload_bucket/20_upload_bucket.sh","consumed_by"
"freeze:metab-u-lrppos|metadata|features","sh:scripts/20_upload_bucket/20_upload_bucket.sh","consumed_by"
"freeze:metab-u-lrppos|metadata|removed-samples","sh:scripts/20_upload_bucket/20_upload_bucket.sh","consumed_by"
"freeze:metab-u-lrppos|metadata|samples","sh:scripts/20_upload_bucket/20_upload_bucket.sh","consumed_by"
"freeze:metab-u-lrppos|qc-norm|log2","sh:scripts/20_upload_bucket/20_upload_bucket.sh","consumed_by"
"freeze:metab-u-rpneg|da|dream-acute","sh:scripts/20_upload_bucket/20_upload_bucket.sh","consumed_by"
"freeze:metab-u-rpneg|metadata|features","sh:scripts/20_upload_bucket/20_upload_bucket.sh","consumed_by"
"freeze:metab-u-rpneg|metadata|removed-samples","sh:scripts/20_upload_bucket/20_upload_bucket.sh","consumed_by"
"freeze:metab-u-rpneg|metadata|samples","sh:scripts/20_upload_bucket/20_upload_bucket.sh","consumed_by"
"freeze:metab-u-rpneg|qc-norm|log2","sh:scripts/20_upload_bucket/20_upload_bucket.sh","consumed_by"
"freeze:metab-u-rppos|da|dream-acute","sh:scripts/20_upload_bucket/20_upload_bucket.sh","consumed_by"
"freeze:metab-u-rppos|metadata|features","sh:scripts/20_upload_bucket/20_upload_bucket.sh","consumed_by"
"freeze:metab-u-rppos|metadata|removed-samples","sh:scripts/20_upload_bucket/20_upload_bucket.sh","consumed_by"
"freeze:metab-u-rppos|metadata|samples","sh:scripts/20_upload_bucket/20_upload_bucket.sh","consumed_by"
"freeze:metab-u-rppos|qc-norm|log2","sh:scripts/20_upload_bucket/20_upload_bucket.sh","consumed_by"
"freeze:prot-clinical|da|dream-acute","sh:scripts/20_upload_bucket/20_upload_bucket.sh","consumed_by"
"freeze:prot-clinical|metadata|features","sh:scripts/20_upload_bucket/20_upload_bucket.sh","consumed_by"
"freeze:prot-clinical|metadata|samples","sh:scripts/20_upload_bucket/20_upload_bucket.sh","consumed_by"
"freeze:prot-clinical|qc-norm|absolute","sh:scripts/20_upload_bucket/20_upload_bucket.sh","consumed_by"
"freeze:prot-ol|da|dream-acute","sh:scripts/20_upload_bucket/20_upload_bucket.sh","consumed_by"
"freeze:prot-ol|metadata|features","sh:scripts/20_upload_bucket/20_upload_bucket.sh","consumed_by"
"freeze:prot-ol|metadata|removed-samples","sh:scripts/20_upload_bucket/20_upload_bucket.sh","consumed_by"
"freeze:prot-ol|metadata|samples","sh:scripts/20_upload_bucket/20_upload_bucket.sh","consumed_by"
"freeze:prot-ol|qc-norm|log2","sh:scripts/20_upload_bucket/20_upload_bucket.sh","consumed_by"
"freeze:prot-ph|da|dream-acute","sh:scripts/20_upload_bucket/20_upload_bucket.sh","consumed_by"
"freeze:prot-ph|imputed|log2-mn","sh:scripts/20_upload_bucket/20_upload_bucket.sh","consumed_by"
"freeze:prot-ph|metadata|features","sh:scripts/20_upload_bucket/20_upload_bucket.sh","consumed_by"
"freeze:prot-ph|metadata|removed-samples","sh:scripts/20_upload_bucket/20_upload_bucket.sh","consumed_by"
"freeze:prot-ph|metadata|samples","sh:scripts/20_upload_bucket/20_upload_bucket.sh","consumed_by"
"freeze:prot-ph|qc-norm|log2-mn","sh:scripts/20_upload_bucket/20_upload_bucket.sh","consumed_by"
"freeze:prot-pr|da|dream-acute","sh:scripts/20_upload_bucket/20_upload_bucket.sh","consumed_by"
"freeze:prot-pr|imputed|log2-mn","sh:scripts/20_upload_bucket/20_upload_bucket.sh","consumed_by"
"freeze:prot-pr|metadata|features","sh:scripts/20_upload_bucket/20_upload_bucket.sh","consumed_by"
"freeze:prot-pr|metadata|removed-samples","sh:scripts/20_upload_bucket/20_upload_bucket.sh","consumed_by"
"freeze:prot-pr|metadata|samples","sh:scripts/20_upload_bucket/20_upload_bucket.sh","consumed_by"
"freeze:prot-pr|qc-norm|log2-mn","sh:scripts/20_upload_bucket/20_upload_bucket.sh","consumed_by"
"freeze:transcript-rna-seq|da|dream-acute","sh:scripts/20_upload_bucket/20_upload_bucket.sh","consumed_by"
"freeze:transcript-rna-seq|metadata|features","sh:scripts/20_upload_bucket/20_upload_bucket.sh","consumed_by"
"freeze:transcript-rna-seq|metadata|removed-samples","sh:scripts/20_upload_bucket/20_upload_bucket.sh","consumed_by"
"freeze:transcript-rna-seq|metadata|samples","sh:scripts/20_upload_bucket/20_upload_bucket.sh","consumed_by"
"freeze:transcript-rna-seq|qc-norm|log-cpm","sh:scripts/20_upload_bucket/20_upload_bucket.sh","consumed_by"
"freeze:human-precovid-sed-adu_all_transcript-rna-seq_qc-report.html","sh:scripts/20_upload_bucket/20_upload_bucket.sh","consumed_by"
"freeze:human-precovid-sed-adu_t05-human-pbmc_epigen-atac-seq_qc-report.html","sh:scripts/20_upload_bucket/20_upload_bucket.sh","consumed_by"
"freeze:human-precovid-sed-adu_t06-human-muscle_epigen-atac-seq_qc-report.html","sh:scripts/20_upload_bucket/20_upload_bucket.sh","consumed_by"
"freeze:human-precovid-sed-adu_t07-adipose_prot-ph_metadata_qc-report.html","sh:scripts/20_upload_bucket/20_upload_bucket.sh","consumed_by"
"freeze:human-precovid-sed-adu_t07-adipose_prot-pr_metadata_qc-report.html","sh:scripts/20_upload_bucket/20_upload_bucket.sh","consumed_by"
"freeze:human-precovid-sed-adu_t10-muscle_prot-ph_qc-report.html","sh:scripts/20_upload_bucket/20_upload_bucket.sh","consumed_by"
"freeze:human-precovid-sed-adu_t10-muscle_prot-pr_qc-report.html","sh:scripts/20_upload_bucket/20_upload_bucket.sh","consumed_by"
"freeze:motrpac_human-precovid_1kg_pca.csv","sh:scripts/20_upload_bucket/20_upload_bucket.sh","consumed_by"
"freeze:motrpac_human-precovid_metabolite-cv.txt","sh:scripts/20_upload_bucket/20_upload_bucket.sh","consumed_by"
"freeze:motrpac_human-precovid_refmet-map_provenance.json","sh:scripts/20_upload_bucket/20_upload_bucket.sh","consumed_by"
"freeze:motrpac_human-precovid_refmet-map.txt","sh:scripts/20_upload_bucket/20_upload_bucket.sh","consumed_by"
"freeze:motrpac-mappings-human-feature-to-gene.txt","sh:scripts/20_upload_bucket/20_upload_bucket.sh","consumed_by"
"freeze:txdb_hsapiens_ensembl_v105.sqlite","sh:scripts/20_upload_bucket/20_upload_bucket.sh","consumed_by"
"sh:scripts/20_upload_bucket/20_upload_bucket.sh","sink:STAGING_BUCKET","produces"
"sink:STAGING_BUCKET","sink:NEW_PRODUCTION_BUCKET","produces"
"obj:CAMERA_RESULTS","sh:scripts/30_update_relevant_packages/30_update_relevant_packages.sh","consumed_by"
"obj:COLORS_ABBREVIATIONS","sh:scripts/30_update_relevant_packages/30_update_relevant_packages.sh","consumed_by"
"obj:COVARIATES_FILE","sh:scripts/30_update_relevant_packages/30_update_relevant_packages.sh","consumed_by"
"obj:DA","sh:scripts/30_update_relevant_packages/30_update_relevant_packages.sh","consumed_by"
"obj:DA_ASSEMBLE","sh:scripts/30_update_relevant_packages/30_update_relevant_packages.sh","consumed_by"
"obj:FCM","sh:scripts/30_update_relevant_packages/30_update_relevant_packages.sh","consumed_by"
"obj:HUMAN_FEATURE_TO_GENE","sh:scripts/30_update_relevant_packages/30_update_relevant_packages.sh","consumed_by"
"obj:METABOLOMICS_CVS","sh:scripts/30_update_relevant_packages/30_update_relevant_packages.sh","consumed_by"
"obj:MOLECULAR_SIGNATURES","sh:scripts/30_update_relevant_packages/30_update_relevant_packages.sh","consumed_by"
"obj:OME_TISSUE_CODE","sh:scripts/30_update_relevant_packages/30_update_relevant_packages.sh","consumed_by"
"obj:OUTLIERS","sh:scripts/30_update_relevant_packages/30_update_relevant_packages.sh","consumed_by"
"obj:PTMSEA_INPUT","sh:scripts/30_update_relevant_packages/30_update_relevant_packages.sh","consumed_by"
"obj:QC_NORM","sh:scripts/30_update_relevant_packages/30_update_relevant_packages.sh","consumed_by"
"obj:SET_TO_ID","sh:scripts/30_update_relevant_packages/30_update_relevant_packages.sh","consumed_by"
"obj:SPLICING_DA","sh:scripts/30_update_relevant_packages/30_update_relevant_packages.sh","consumed_by"
"obj:SUM_STATS","sh:scripts/30_update_relevant_packages/30_update_relevant_packages.sh","consumed_by"
"obj:UTORONTO_TFs","sh:scripts/30_update_relevant_packages/30_update_relevant_packages.sh","consumed_by"
"obj:cln_objects","sh:scripts/30_update_relevant_packages/30_update_relevant_packages.sh","consumed_by"
"obj:gmt_files","sh:scripts/30_update_relevant_packages/30_update_relevant_packages.sh","consumed_by"
"obj:pheno","sh:scripts/30_update_relevant_packages/30_update_relevant_packages.sh","consumed_by"
"sh:scripts/30_update_relevant_packages/30_update_relevant_packages.sh","sink:DATA_PKG_REPO","produces"
"sh:scripts/30_update_relevant_packages/30_update_relevant_packages.sh","sink:ANALYSIS_PKG_REPO","produces"
